FTL Kimia Sorbitol,Unnamed: 1,Unnamed: 2,Unnamed: 3,Unnamed: 4,Unnamed: 5,Unnamed: 6,Unnamed: 7,Unnamed: 8,Unnamed: 9,Unnamed: 10,Unnamed: 11,Unnamed: 12,Unnamed: 13,Unnamed: 14,Unnamed: 15
Kode,Ulangan,CMC (g),PVA (g),Total Polimer (Wi),Berat wadah (W0),Berat Wadah + Endapan (W1),Berat Endapan (Wr),Fraksi Tak Larut (%),Rata-rata FTL,STDEV,Kelarutan (%),Rata-rata Kelarutan,STDEV,Membentuk Lembaran Biofilm,
,,,,,,,,,,,,,,Ya,Tidak
A,A1,1,0,1,1.715,1.865,0.1499999999999999,14.999999999999991,14.966666666666654,0.15275252316521137,85.00000000000001,85.03333333333335,0.1527525231652077,,ü
,A2,1,0,1,1.87,2.018,0.1479999999999997,14.799999999999969,,,85.20000000000003,,,,ü
,A3,1,0,1,1.093,1.244,0.15100000000000002,15.100000000000001,,,84.9,,,,ü
B,B1,1,1,2,1.75,1.877,0.127,6.35,6.183333333333333,0.20816659994661352,93.65,93.81666666666666,0.2081665999466094,ü,
,B2,1,1,2,1.453,1.572,0.119,5.949999999999999,,,94.05,,,ü,
,B3,1,1,2,1.762,1.887,0.125,6.25,,,93.75,,,ü,
C,C1,1,2,3,1.731,1.814,0.08299999999999996,2.7666666666666657,2.7555555555555578,0.08388704928078769,97.23333333333333,97.24444444444443,0.08388704928078793,ü,
,C2,1,2,3,1.281,1.366,0.08500000000000019,2.8333333333333393,,,97.16666666666666,,,ü,
,C3,1,2,3,1.674,1.754,0.08000000000000007,2.6666666666666687,,,97.33333333333333,,,ü,
D,D1,1,3,4,1.712,1.83,0.1180000000000001,2.950000000000003,2.975,0.024999999999997247,97.05,97.02500000000002,0.02499999999999858,ü,
,D2,1,3,4,1.653,1.773,0.11999999999999988,2.9999999999999973,,,97,,,ü,
,D3,1,3,4,1.436,1.555,0.119,2.9749999999999996,,,97.025,,,ü,
E,E1,2,0,2,1.749,1.931,0.18199999999999994,9.099999999999998,9.049999999999999,0.22912878474778361,90.9,90.95,0.22912878474777898,,ü
,E2,2,0,2,1.436,1.612,0.17600000000000016,8.800000000000008,,,91.19999999999999,,,,ü
,E3,2,0,2,1.328,1.513,0.18499999999999983,9.249999999999991,,,90.75000000000001,,,,ü
F,F1,2,1,3,1.701,1.969,0.268,8.933333333333334,8.9,0.05773502691895827,91.06666666666666,91.10000000000001,0.05773502691895519,,ü
,F2,2,1,3,1.895,2.16,0.2650000000000001,8.833333333333337,,,91.16666666666666,,,,ü
,F3,2,1,3,1.867,2.135,0.2679999999999998,8.933333333333326,,,91.06666666666668,,,,ü
G,G1,2,2,4,1.755,1.906,0.15100000000000002,3.7750000000000004,3.7500000000000013,0.09013878188659837,96.225,96.25,0.09013878188659855,ü,
,G2,2,2,4,1.328,1.481,0.15300000000000002,3.8250000000000006,,,96.175,,,ü,
,G3,2,2,4,1.894,2.04,0.14600000000000013,3.650000000000003,,,96.35,,,ü,
H,H1,2,3,5,1.761,1.904,0.14300000000000002,2.8600000000000003,2.8600000000000017,0.039999999999997815,97.14,97.14,0.03999999999999915,ü,
,H2,2,3,5,1.349,1.494,0.14500000000000002,2.9000000000000004,,,97.1,,,ü,
,H3,2,3,5,1.894,2.035,0.14100000000000024,2.8200000000000047,,,97.17999999999999,,,ü,
I,I1,3,0,3,1.741,2.154,0.4129999999999998,13.76666666666666,13.766666666666666,0.03333333333333677,86.23333333333333,86.23333333333333,0.033333333333338544,,ü
,I2,3,0,3,1.376,1.79,0.41400000000000015,13.800000000000004,,,86.19999999999999,,,,ü
,I3,3,0,3,1.239,1.651,0.4119999999999999,13.73333333333333,,,86.26666666666667,,,,ü
J,J1,3,1,4,1.737,2.135,0.3979999999999997,9.949999999999992,9.916666666666663,0.05773502691896083,90.05000000000001,90.08333333333333,0.0577350269189634,ü,
,J2,3,1,4,1.435,1.829,0.3939999999999999,9.849999999999998,,,90.15,,,ü,
,J3,3,1,4,1.489,1.887,0.3979999999999999,9.949999999999998,,,90.05,,,ü,
K,K1,3,2,5,1.741,1.942,0.20099999999999985,4.019999999999997,4.006666666666663,0.023094010767585053,95.98,95.99333333333334,0.02309401076758864,ü,
,K2,3,2,5,1.467,1.668,0.20099999999999985,4.019999999999997,,,95.98,,,ü,
,K3,3,2,5,1.923,2.122,0.19899999999999984,3.979999999999997,,,96.02000000000001,,,ü,
L,L1,3,3,6,1.697,1.904,0.20699999999999985,3.4499999999999975,3.4166666666666665,0.10408329997330443,96.55,96.58333333333333,0.10408329997330869,ü,
,L2,3,3,6,1.736,1.946,0.20999999999999996,3.4999999999999996,,,96.5,,,ü,
,L3,3,3,6,1.396,1.594,0.19800000000000018,3.300000000000003,,,96.7,,,ü,
,,,,,,,,,,,,,,,
FTL Kimia Gliserol,,,,,,,,,,,,,,,
Kode,Ulangan,CMC (g),PVA (g),Total Polimer (Wi),Berat wadah (W0),Berat Wadah + Endapan (W1),Berat Endapan (Wr),Fraksi Tak Larut (%),Rata-rata FTL,STDEV,Kelarutan (%),Rata-rata Kelarutan,STDEV,Membentuk Lembaran Biofilm,
,,,,,,,,,,,,,,Ya,Tidak
A,A1,1,0,1,1.75,1.894,0.1439999999999999,14.399999999999991,14.333333333333348,0.40414518843273567,85.60000000000001,85.66666666666667,0.4041451884327344,,ü
,A2,1,0,1,1.892,2.031,0.13900000000000023,13.900000000000023,,,86.09999999999998,,,,ü
,A3,1,0,1,1.908,2.055,0.14700000000000024,14.700000000000024,,,85.29999999999998,,,,ü
B,B1,1,1,2,1.789,1.953,0.16400000000000015,8.200000000000006,8.166666666666666,0.15275252316519608,91.8,91.83333333333333,0.15275252316519375,ü,
,B2,1,1,2,1.245,1.411,0.16599999999999993,8.299999999999997,,,91.7,,,ü,
,B3,1,1,2,1.359,1.519,0.15999999999999992,7.9999999999999964,,,92,,,ü,
C,C1,1,2,3,1.713,1.857,0.1439999999999999,4.799999999999996,4.888888888888885,0.08388704928078769,95.2,95.11111111111113,0.08388704928078793,ü,
,C2,1,2,3,1.903,2.05,0.1469999999999998,4.899999999999993,,,95.10000000000001,,,ü,
,C3,1,2,3,1.336,1.485,0.14900000000000002,4.966666666666667,,,95.03333333333333,,,ü,
D,D1,1,3,4,1.684,1.772,0.08800000000000008,2.200000000000002,2.241666666666666,0.07216878364870323,97.8,97.75833333333333,0.07216878364870322,ü,
,D2,1,3,4,1.239,1.327,0.08799999999999986,2.1999999999999966,,,97.8,,,ü,
,D3,1,3,4,1.736,1.829,0.09299999999999997,2.3249999999999993,,,97.675,,,ü,
E,E1,2,0,2,1.932,2.024,0.09200000000000008,4.600000000000004,4.566666666666667,0.10408329997330762,95.39999999999999,95.43333333333334,0.10408329997330869,,ü
,E2,2,0,2,1.457,1.55,0.09299999999999997,4.649999999999999,,,95.35,,,,ü
,E3,2,0,2,1.45,1.539,0.08899999999999997,4.449999999999998,,,95.55,,,,ü
F,F1,2,1,3,1.744,2.042,0.2979999999999998,9.933333333333326,9.911111111111106,0.13471506281091272,90.06666666666668,90.0888888888889,0.13471506281091147,ü,
,F2,2,1,3,1.389,1.69,0.30099999999999993,10.033333333333331,,,89.96666666666667,,,ü,
,F3,2,1,3,1.872,2.165,0.2929999999999999,9.766666666666664,,,90.23333333333333,,,ü,
G,G1,2,2,4,1.893,2.111,0.2180000000000002,5.450000000000005,5.466666666666666,0.028867513459476572,94.55,94.53333333333335,0.02886751345947965,ü,
,G2,2,2,4,1.79,2.01,0.21999999999999975,5.499999999999994,,,94.5,,,ü,
,G3,2,2,4,1.436,1.654,0.21799999999999997,5.449999999999999,,,94.55,,,ü,
H,H1,2,3,5,1.865,1.982,0.11699999999999999,2.34,2.3333333333333326,0.050332229568472886,97.66,97.66666666666667,0.05033222956846918,ü,
,H2,2,3,5,1.834,1.948,0.11399999999999988,2.2799999999999976,,,97.72,,,ü,
,H3,2,3,5,1.351,1.47,0.119,2.38,,,97.62,,,ü,
I,I1,3,0,3,1.77,2.167,0.3969999999999998,13.233333333333327,13.188888888888888,0.07698003589194725,86.76666666666668,86.81111111111113,0.07698003589194984,,ü
,I2,3,0,3,1.321,1.718,0.397,13.233333333333333,,,86.76666666666667,,,,ü
,I3,3,0,3,1.389,1.782,0.393,13.100000000000001,,,86.9,,,,ü
J,J1,3,1,4,1.72,2.055,0.3350000000000002,8.375000000000005,8.350000000000003,0.06614378277661738,91.625,91.64999999999999,0.06614378277661369,ü,
,J2,3,1,4,1.098,1.429,0.33099999999999996,8.274999999999999,,,91.725,,,ü,
,J3,3,1,4,1.652,1.988,0.3360000000000001,8.400000000000002,,,91.6,,,ü,
K,K1,3,2,5,2.053,2.238,0.18500000000000005,3.700000000000001,3.680000000000002,0.0916515138991135,96.3,96.32,0.09165151389911252,ü,
,K2,3,2,5,2.066,2.245,0.17900000000000027,3.5800000000000054,,,96.41999999999999,,,ü,
,K3,3,2,5,1.248,1.436,0.18799999999999994,3.759999999999999,,,96.24,,,ü,
L,L1,3,3,6,1.773,1.907,0.13400000000000012,2.2333333333333356,2.2611111111111115,0.04811252243246531,97.76666666666667,97.7388888888889,0.04811252243246608,ü,
,L2,3,3,6,1.238,1.372,0.13400000000000012,2.2333333333333356,,,97.76666666666667,,,ü,
,L3,3,3,6,1.895,2.034,0.1389999999999998,2.316666666666663,,,97.68333333333334,,,ü,
