Formulation,Replicate,CMC,PVA,Plasticizer,source_file,source_sheet,source_block,source_row,Elongasi,Standardized_Resid,Studentized_Resid,Leverage,Cooks_D,Flagged_Outlier
B,1,1,1,Sorbitol,pengujian (ANOVA)_UTS_&_elong,UTS & elong,Sorbitol,3,16.666666666666664,-1.305121483555734,-1.3156794450725415,0.12500000000000003,0.04055576397235049,False
B,2,1,1,Sorbitol,pengujian (ANOVA)_UTS_&_elong,UTS & elong,Sorbitol,4,34.22222222222222,-0.988129440237084,-0.9878645460924871,0.12499999999999997,0.02324761406341078,False
B,3,1,1,Sorbitol,pengujian (ANOVA)_UTS_&_elong,UTS & elong,Sorbitol,5,37.0,-0.9379724713575509,-0.9366938241118894,0.12499999999999994,0.020947437072014078,False
C,1,1,2,Sorbitol,pengujian (ANOVA)_UTS_&_elong,UTS & elong,Sorbitol,6,56.666666666666664,-0.44838824003245065,-0.4443719571070573,0.1111111111111111,0.004188583620820804,False
C,2,1,2,Sorbitol,pengujian (ANOVA)_UTS_&_elong,UTS & elong,Sorbitol,7,69.55555555555556,-0.2174852528930819,-0.2151682860214255,0.11111111111111109,0.0009854132338743288,False
C,3,1,2,Sorbitol,pengujian (ANOVA)_UTS_&_elong,UTS & elong,Sorbitol,8,34.44444444444444,-0.8464968385486036,-0.843783421974393,0.11111111111111106,0.014928268701516256,False
D,1,1,3,Sorbitol,pengujian (ANOVA)_UTS_&_elong,UTS & elong,Sorbitol,9,114.55555555555554,-1.0254245364372525,-1.0260251173914243,0.1111111111111111,0.021906155831824047,False
D,2,1,3,Sorbitol,pengujian (ANOVA)_UTS_&_elong,UTS & elong,Sorbitol,10,207.33333333333331,0.636678862367686,0.6324197709382234,0.1111111111111111,0.008444999453871059,False
D,3,1,3,Sorbitol,pengujian (ANOVA)_UTS_&_elong,UTS & elong,Sorbitol,11,276.3333333333333,1.872806060760341,1.9285630114220573,0.1111111111111111,0.07307088627543054,False
G,1,2,2,Sorbitol,pengujian (ANOVA)_UTS_&_elong,UTS & elong,Sorbitol,12,71.11111111111111,0.30970999450354947,0.3065763565517468,0.12499999999999997,0.0022838162070330623,False
G,2,2,2,Sorbitol,pengujian (ANOVA)_UTS_&_elong,UTS & elong,Sorbitol,13,61.77777777777778,0.14118257906831763,0.13963599952455924,0.12499999999999997,0.000474583824580518,False
G,3,2,2,Sorbitol,pengujian (ANOVA)_UTS_&_elong,UTS & elong,Sorbitol,14,54.77777777777777,0.0147870174918937,0.014621829757527766,0.12499999999999997,5.206092531085006e-06,False
H,1,2,3,Sorbitol,pengujian (ANOVA)_UTS_&_elong,UTS & elong,Sorbitol,15,114.0,-0.5427355565868291,-0.5384364290261886,0.12499999999999994,0.007013378199609884,False
H,2,2,3,Sorbitol,pengujian (ANOVA)_UTS_&_elong,UTS & elong,Sorbitol,16,170.66666666666666,0.4804666085556492,0.4763214237065759,0.12499999999999994,0.005496384808023032,False
H,3,2,3,Sorbitol,pengujian (ANOVA)_UTS_&_elong,UTS & elong,Sorbitol,17,134.77777777777777,-0.1675614293679204,-0.16574088925532726,0.12499999999999994,0.0006684960145671563,False
J,1,3,1,Sorbitol,pengujian (ANOVA)_UTS_&_elong,UTS & elong,Sorbitol,18,104.55555555555556,1.2118666747500884,1.2183721630152775,0.125,0.03496716279451991,False
J,2,3,1,Sorbitol,pengujian (ANOVA)_UTS_&_elong,UTS & elong,Sorbitol,19,40.77777777777778,0.06026266927600476,0.0595917268622353,0.125,8.64664121016459e-05,False
J,3,3,1,Sorbitol,pengujian (ANOVA)_UTS_&_elong,UTS & elong,Sorbitol,20,70.77777777777779,0.601957933174964,0.597642997948422,0.125,0.008627460793149392,False
K,1,3,2,Sorbitol,pengujian (ANOVA)_UTS_&_elong,UTS & elong,Sorbitol,21,55.77777777777778,0.4584146788098979,0.45435469579285337,0.11111111111111112,0.004378000369757956,False
K,2,3,2,Sorbitol,pengujian (ANOVA)_UTS_&_elong,UTS & elong,Sorbitol,22,81.44444444444444,0.9182301100960545,0.9165977960384419,0.11111111111111112,0.01756555281431276,False
K,3,3,2,Sorbitol,pengujian (ANOVA)_UTS_&_elong,UTS & elong,Sorbitol,23,63.33333333333333,0.5937716023053897,0.58945072096995,0.11111111111111112,0.007345098243839792,False
L,1,3,3,Sorbitol,pengujian (ANOVA)_UTS_&_elong,UTS & elong,Sorbitol,24,66.11111111111111,-0.9705740184194713,-0.9699351069223661,0.11111111111111112,0.01962529010897751,False
L,2,3,3,Sorbitol,pengujian (ANOVA)_UTS_&_elong,UTS & elong,Sorbitol,25,105.88888888888889,-0.2579596270755576,-0.2552661116982252,0.11111111111111112,0.0013863160250200159,False
L,3,3,3,Sorbitol,pengujian (ANOVA)_UTS_&_elong,UTS & elong,Sorbitol,26,142.55555555555557,0.3989195604760951,0.39516155707686473,0.11111111111111112,0.00331535032771752,False
B,1,1,1,Gliserol,pengujian (ANOVA)_UTS_&_elong,UTS & elong,Gliserol,31,38.0,-1.0882484619294166,-1.0905345951986574,0.11265432098765432,0.02505877802524553,False
B,2,1,1,Gliserol,pengujian (ANOVA)_UTS_&_elong,UTS & elong,Gliserol,32,46.333333333333336,-0.9388279758581944,-0.9375652223571245,0.11265432098765432,0.018649870052910612,False
B,3,1,1,Gliserol,pengujian (ANOVA)_UTS_&_elong,UTS & elong,Gliserol,33,31.444444444444446,-1.2057925776387777,-1.2120610350272243,0.11265432098765432,0.030764437403211605,False
C,1,1,2,Gliserol,pengujian (ANOVA)_UTS_&_elong,UTS & elong,Gliserol,34,88.88888888888889,-0.04589296781746121,-0.045381243149285516,0.11728395061728393,4.6640006301627115e-05,False
C,2,1,2,Gliserol,pengujian (ANOVA)_UTS_&_elong,UTS & elong,Gliserol,35,84.0,-0.1337825633582641,-0.13231405433687182,0.11728395061728393,0.0003963376584096165,False
C,3,1,2,Gliserol,pengujian (ANOVA)_UTS_&_elong,UTS & elong,Gliserol,36,90.0,-0.025918059740005932,-0.025628654679926265,0.11728395061728393,1.4875490201682759e-05,False
D,1,1,3,Gliserol,pengujian (ANOVA)_UTS_&_elong,UTS & elong,Gliserol,37,366.55555555555554,3.3260934590800626,3.7872450587313997,0.11728395061728397,0.24498258306779533,True
D,2,1,3,Gliserol,pengujian (ANOVA)_UTS_&_elong,UTS & elong,Gliserol,38,227.22222222222223,0.8212399861671785,0.8182184831524142,0.11728395061728397,0.014935043336500567,False
D,3,1,3,Gliserol,pengujian (ANOVA)_UTS_&_elong,UTS & elong,Gliserol,39,323.11111111111114,2.545074553251564,2.72000108085662,0.11728395061728397,0.14343902698200972,True
F,1,2,1,Gliserol,pengujian (ANOVA)_UTS_&_elong,UTS & elong,Gliserol,40,128.66666666666666,1.0485438720329412,1.0497307895576167,0.13580246913580243,0.028794968493705136,False
F,2,2,1,Gliserol,pengujian (ANOVA)_UTS_&_elong,UTS & elong,Gliserol,41,161.11111111111111,1.638027356174585,1.670285606601543,0.13580246913580243,0.0702725471793793,False
F,3,2,1,Gliserol,pengujian (ANOVA)_UTS_&_elong,UTS & elong,Gliserol,42,128.66666666666666,1.0485438720329412,1.0497307895576167,0.13580246913580243,0.028794968493705136,False
G,1,2,2,Gliserol,pengujian (ANOVA)_UTS_&_elong,UTS & elong,Gliserol,43,42.55555555555555,-0.3792205850610853,-0.37558396494673657,0.11265432098765431,0.003042899248054273,False
G,2,2,2,Gliserol,pengujian (ANOVA)_UTS_&_elong,UTS & elong,Gliserol,44,56.99999999999999,-0.12022507587096733,-0.11890083386989402,0.11265432098765431,0.0003058397180803272,False
G,3,2,2,Gliserol,pengujian (ANOVA)_UTS_&_elong,UTS & elong,Gliserol,45,51.11111111111111,-0.2258155526946308,-0.22341901647986276,0.11265432098765431,0.0010789752058640739,False
H,1,2,3,Gliserol,pengujian (ANOVA)_UTS_&_elong,UTS & elong,Gliserol,46,113.33333333333331,-0.7256547490632517,-0.7217820723292964,0.11265432098765431,0.011142017821210928,False
H,2,2,3,Gliserol,pengujian (ANOVA)_UTS_&_elong,UTS & elong,Gliserol,47,72.88888888888889,-1.450842174795582,-1.469409642307562,0.11265432098765431,0.04453937396524258,False
H,3,2,3,Gliserol,pengujian (ANOVA)_UTS_&_elong,UTS & elong,Gliserol,48,97.0,-1.0185189017628462,-1.0189518253990069,0.11265432098765431,0.021950375358584982,False
J,1,3,1,Gliserol,pengujian (ANOVA)_UTS_&_elong,UTS & elong,Gliserol,49,63.66666666666666,0.295495920931633,0.29247808640423556,0.1126543209876543,0.001847594860280601,False
J,2,3,1,Gliserol,pengujian (ANOVA)_UTS_&_elong,UTS & elong,Gliserol,50,36.666666666666664,-0.18862645393912597,-0.18659261038322414,0.1126543209876543,0.00075285088584707,False
J,3,3,1,Gliserol,pengujian (ANOVA)_UTS_&_elong,UTS & elong,Gliserol,51,91.11111111111111,0.7875873883928576,0.7842109109666527,0.1126543209876543,0.013125059213898598,False
K,1,3,2,Gliserol,pengujian (ANOVA)_UTS_&_elong,UTS & elong,Gliserol,52,45.55555555555556,0.10103357826337636,0.09991600913368667,0.11728395061728394,0.00022604649743279034,False
K,2,3,2,Gliserol,pengujian (ANOVA)_UTS_&_elong,UTS & elong,Gliserol,53,28.88888888888889,-0.19859004289845195,-0.19645719651755414,0.11728395061728394,0.0008733357781232758,False
K,3,3,2,Gliserol,pengujian (ANOVA)_UTS_&_elong,UTS & elong,Gliserol,54,45.888888888888886,0.10702605068661285,0.1058436632619967,0.11728395061728394,0.00025365610138216205,False
L,1,3,3,Gliserol,pengujian (ANOVA)_UTS_&_elong,UTS & elong,Gliserol,55,53.0,-1.3848776392762092,-1.3995526434891035,0.11728395061728393,0.04247067067549845,False
L,2,3,3,Gliserol,pengujian (ANOVA)_UTS_&_elong,UTS & elong,Gliserol,56,53.666666666666664,-1.372892694429736,-1.3869087967163611,0.11728395061728393,0.04173875601159936,False
L,3,3,3,Gliserol,pengujian (ANOVA)_UTS_&_elong,UTS & elong,Gliserol,57,65.55555555555556,-1.1591611780009652,-1.1637145853462423,0.11728395061728393,0.029754589854437196,False
