Formulation,Replicate,CMC,PVA,Plasticizer,source_file,source_sheet,source_block,source_row,FTL,Standardized_Resid,Studentized_Resid,Leverage,Cooks_D,Flagged_Outlier
A,1.0,1.0,0.0,Sorbitol,pengujian (ANOVA)_Kelarutan_Matriks,Kelarutan Matriks,Sorbitol,4,14.999999999999991,0.31312209420580966,0.31016016905925203,0.3333333333333333,0.0020426134558298318,False
A,2.0,1.0,0.0,Sorbitol,pengujian (ANOVA)_Kelarutan_Matriks,Kelarutan Matriks,Sorbitol,5,14.799999999999969,-1.5656104710291654,-1.5903542431501567,0.3333333333333335,0.051065336395753474,False
A,3.0,1.0,0.0,Sorbitol,pengujian (ANOVA)_Kelarutan_Matriks,Kelarutan Matriks,Sorbitol,6,15.1,1.2524883768232715,1.2601357668341795,0.3333333333333331,0.032681815293278994,False
B,1.0,1.0,1.0,Sorbitol,pengujian (ANOVA)_Kelarutan_Matriks,Kelarutan Matriks,Sorbitol,7,6.35,1.5656104710290488,1.5903542431500295,0.3333333333333338,0.051065336395745946,False
B,2.0,1.0,1.0,Sorbitol,pengujian (ANOVA)_Kelarutan_Matriks,Kelarutan Matriks,Sorbitol,8,5.949999999999999,-2.191854659440484,-2.2863360072366716,0.3333333333333336,0.10008805933564513,True
B,3.0,1.0,1.0,Sorbitol,pengujian (ANOVA)_Kelarutan_Matriks,Kelarutan Matriks,Sorbitol,9,6.25,0.6262441884116695,0.6222336561863294,0.33333333333333354,0.008170453823320645,False
C,1.0,1.0,2.0,Sorbitol,pengujian (ANOVA)_Kelarutan_Matriks,Kelarutan Matriks,Sorbitol,10,2.7666666666666657,0.10437403140200191,0.10329280166917296,0.33333333333333337,0.0002269570506480434,False
C,2.0,1.0,2.0,Sorbitol,pengujian (ANOVA)_Kelarutan_Matriks,Kelarutan Matriks,Sorbitol,11,2.8333333333333393,0.7306182198136546,0.7270214232221325,0.33333333333333315,0.011120895481743193,False
C,3.0,1.0,2.0,Sorbitol,pengujian (ANOVA)_Kelarutan_Matriks,Kelarutan Matriks,Sorbitol,12,2.6666666666666687,-0.8349922512153521,-0.8323155435306233,0.3333333333333335,0.014525251241451714,False
D,1.0,1.0,3.0,Sorbitol,pengujian (ANOVA)_Kelarutan_Matriks,Kelarutan Matriks,Sorbitol,13,2.950000000000003,-0.23484157065429886,-0.23251604422926397,0.3333333333333336,0.0011489700689037107,False
D,2.0,1.0,3.0,Sorbitol,pengujian (ANOVA)_Kelarutan_Matriks,Kelarutan Matriks,Sorbitol,14,2.9999999999999973,0.23484157065434058,0.23251604422930527,0.3333333333333335,0.0011489700689041183,False
D,3.0,1.0,3.0,Sorbitol,pengujian (ANOVA)_Kelarutan_Matriks,Kelarutan Matriks,Sorbitol,15,2.9749999999999996,1.6686497208293758e-14,1.6511764673806945e-14,0.3333333333333335,5.8008164392165746e-30,False
E,1.0,2.0,0.0,Sorbitol,pengujian (ANOVA)_Kelarutan_Matriks,Kelarutan Matriks,Sorbitol,16,9.099999999999998,0.4696831413090983,0.46583655498506965,0.3333333333333333,0.004595880275624632,False
E,2.0,2.0,0.0,Sorbitol,pengujian (ANOVA)_Kelarutan_Matriks,Kelarutan Matriks,Sorbitol,17,8.800000000000008,-2.348415706542955,-2.4700536250499914,0.33333333333333315,0.11489700689036755,True
E,3.0,2.0,0.0,Sorbitol,pengujian (ANOVA)_Kelarutan_Matriks,Kelarutan Matriks,Sorbitol,18,9.249999999999991,1.8787325652351083,1.9314281214944284,0.33333333333333337,0.07353408440989356,True
F,1.0,2.0,1.0,Sorbitol,pengujian (ANOVA)_Kelarutan_Matriks,Kelarutan Matriks,Sorbitol,19,8.933333333333334,0.31312209420644377,0.31016016905988003,0.33333333333333354,0.002042613455838107,False
F,2.0,2.0,1.0,Sorbitol,pengujian (ANOVA)_Kelarutan_Matriks,Kelarutan Matriks,Sorbitol,20,8.833333333333337,-0.626244188410902,-0.6222336561855663,0.33333333333333376,0.008170453823300625,False
F,3.0,2.0,1.0,Sorbitol,pengujian (ANOVA)_Kelarutan_Matriks,Kelarutan Matriks,Sorbitol,21,8.933333333333326,0.313122094206377,0.3101601690598138,0.3333333333333336,0.002042613455837236,False
G,1.0,2.0,2.0,Sorbitol,pengujian (ANOVA)_Kelarutan_Matriks,Kelarutan Matriks,Sorbitol,22,3.775,0.2348415706546577,0.23251604422961922,0.333333333333334,0.0011489700689072237,False
G,2.0,2.0,2.0,Sorbitol,pengujian (ANOVA)_Kelarutan_Matriks,Kelarutan Matriks,Sorbitol,23,3.8250000000000006,0.7045247119633558,0.7007799907141515,0.333333333333334,0.010340730620146892,False
G,3.0,2.0,2.0,Sorbitol,pengujian (ANOVA)_Kelarutan_Matriks,Kelarutan Matriks,Sorbitol,24,3.650000000000003,-0.9393662826170415,-0.9381933659697487,0.33333333333333404,0.018383521102453376,False
H,1.0,2.0,3.0,Sorbitol,pengujian (ANOVA)_Kelarutan_Matriks,Kelarutan Matriks,Sorbitol,25,2.8600000000000003,5.256246620612534e-13,5.201205872249187e-13,0.33333333333333376,5.755860111812653e-27,False
H,2.0,2.0,3.0,Sorbitol,pengujian (ANOVA)_Kelarutan_Matriks,Kelarutan Matriks,Sorbitol,26,2.9000000000000004,0.3757465130474789,0.37235991234876975,0.33333333333333376,0.002941363376402906,False
H,3.0,2.0,3.0,Sorbitol,pengujian (ANOVA)_Kelarutan_Matriks,Kelarutan Matriks,Sorbitol,27,2.8200000000000047,-0.37574651304638595,-0.3723599123476866,0.33333333333333376,0.0029413633763857947,False
I,1.0,3.0,0.0,Sorbitol,pengujian (ANOVA)_Kelarutan_Matriks,Kelarutan Matriks,Sorbitol,28,13.76666666666666,3.170434469575814e-13,3.1372352880233184e-13,0.3333333333333334,2.0940947345571827e-27,False
I,2.0,3.0,0.0,Sorbitol,pengujian (ANOVA)_Kelarutan_Matriks,Kelarutan Matriks,Sorbitol,29,13.800000000000004,0.3131220942062102,0.31016016905964866,0.3333333333333334,0.0020426134558350585,False
I,3.0,3.0,0.0,Sorbitol,pengujian (ANOVA)_Kelarutan_Matriks,Kelarutan Matriks,Sorbitol,30,13.73333333333333,-0.3131220942054426,-0.31016016905888827,0.3333333333333334,0.0020426134558250444,False
J,1.0,3.0,1.0,Sorbitol,pengujian (ANOVA)_Kelarutan_Matriks,Kelarutan Matriks,Sorbitol,31,9.949999999999992,0.31312209420626025,0.3101601690596982,0.33333333333333365,0.0020426134558357138,False
J,2.0,3.0,1.0,Sorbitol,pengujian (ANOVA)_Kelarutan_Matriks,Kelarutan Matriks,Sorbitol,32,9.849999999999998,-0.6262441884110689,-0.6222336561857325,0.33333333333333365,0.008170453823304977,False
J,3.0,3.0,1.0,Sorbitol,pengujian (ANOVA)_Kelarutan_Matriks,Kelarutan Matriks,Sorbitol,33,9.949999999999998,0.3131220942063104,0.31016016905974786,0.33333333333333365,0.0020426134558363678,False
K,1.0,3.0,2.0,Sorbitol,pengujian (ANOVA)_Kelarutan_Matriks,Kelarutan Matriks,Sorbitol,34,4.019999999999997,0.12524883768291295,0.12395755283205588,0.33333333333333387,0.0003268181529358482,False
K,2.0,3.0,2.0,Sorbitol,pengujian (ANOVA)_Kelarutan_Matriks,Kelarutan Matriks,Sorbitol,35,4.019999999999997,0.12524883768291295,0.12395755283205588,0.33333333333333387,0.0003268181529358482,False
K,3.0,3.0,2.0,Sorbitol,pengujian (ANOVA)_Kelarutan_Matriks,Kelarutan Matriks,Sorbitol,36,3.979999999999997,-0.25049767536404044,-0.24803676963151486,0.33333333333333387,0.0013072726117247574,False
L,1.0,3.0,3.0,Sorbitol,pengujian (ANOVA)_Kelarutan_Matriks,Kelarutan Matriks,Sorbitol,37,3.4499999999999975,0.31312209420609344,0.310160169059533,0.333333333333334,0.0020426134558335406,False
L,2.0,3.0,3.0,Sorbitol,pengujian (ANOVA)_Kelarutan_Matriks,Kelarutan Matriks,Sorbitol,38,3.4999999999999996,0.782805235514804,0.7796004002912497,0.333333333333334,0.012766334098945615,False
L,3.0,3.0,3.0,Sorbitol,pengujian (ANOVA)_Kelarutan_Matriks,Kelarutan Matriks,Sorbitol,39,3.300000000000003,-1.0959273297199295,-1.0982789575362684,0.333333333333334,0.02502201483389705,False
A,1.0,1.0,0.0,Gliserol,pengujian (ANOVA)_Kelarutan_Matriks,Kelarutan Matriks,Gliserol,44,14.399999999999991,0.6262441884112859,0.6222336561859466,0.33333333333333404,0.008170453823310655,False
A,2.0,1.0,0.0,Gliserol,pengujian (ANOVA)_Kelarutan_Matriks,Kelarutan Matriks,Gliserol,45,13.900000000000023,-4.070587224675328,-4.977732971181407,0.33333333333333404,0.3452016740352092,True
A,3.0,1.0,0.0,Gliserol,pengujian (ANOVA)_Kelarutan_Matriks,Kelarutan Matriks,Gliserol,46,14.700000000000024,3.4443430362637413,3.9280976671973393,0.33333333333333404,0.24715622815538676,True
B,1.0,1.0,1.0,Gliserol,pengujian (ANOVA)_Kelarutan_Matriks,Kelarutan Matriks,Gliserol,47,8.200000000000006,0.31312209420597653,0.3101601690594173,0.33333333333333337,0.0020426134558320097,False
B,2.0,1.0,1.0,Gliserol,pengujian (ANOVA)_Kelarutan_Matriks,Kelarutan Matriks,Gliserol,48,8.299999999999997,1.252488376823272,1.2601357668341746,0.33333333333333337,0.03268181529327906,False
B,3.0,1.0,1.0,Gliserol,pengujian (ANOVA)_Kelarutan_Matriks,Kelarutan Matriks,Gliserol,49,7.9999999999999964,-1.5656104710288814,-1.590354243149861,0.33333333333333337,0.05106533639573493,False
C,1.0,1.0,2.0,Gliserol,pengujian (ANOVA)_Kelarutan_Matriks,Kelarutan Matriks,Gliserol,50,4.799999999999996,-0.8349922512153226,-0.832315543530594,0.333333333333333,0.014525251241450654,False
C,2.0,1.0,2.0,Gliserol,pengujian (ANOVA)_Kelarutan_Matriks,Kelarutan Matriks,Gliserol,51,4.899999999999993,0.10437403140203108,0.10329280166920182,0.333333333333333,0.0002269570506481699,False
C,3.0,1.0,2.0,Gliserol,pengujian (ANOVA)_Kelarutan_Matriks,Kelarutan Matriks,Gliserol,52,4.966666666666667,0.7306182198136836,0.7270214232221616,0.333333333333333,0.01112089548174407,False
D,1.0,1.0,3.0,Gliserol,pengujian (ANOVA)_Kelarutan_Matriks,Kelarutan Matriks,Gliserol,53,2.200000000000002,-0.3914026177571286,-0.387923588073926,0.3333333333333333,0.0031915835247319354,False
D,2.0,1.0,3.0,Gliserol,pengujian (ANOVA)_Kelarutan_Matriks,Kelarutan Matriks,Gliserol,54,2.1999999999999966,-0.3914026177571786,-0.38792358807397576,0.3333333333333333,0.003191583524732751,False
D,3.0,1.0,3.0,Gliserol,pengujian (ANOVA)_Kelarutan_Matriks,Kelarutan Matriks,Gliserol,55,2.3249999999999993,0.7828052355145743,0.7796004002910208,0.3333333333333333,0.012766334098938082,False
E,1.0,2.0,0.0,Gliserol,pengujian (ANOVA)_Kelarutan_Matriks,Kelarutan Matriks,Gliserol,56,4.600000000000004,0.3131220942059847,0.3101601690594253,0.33333333333333254,0.0020426134558321086,False
E,2.0,2.0,0.0,Gliserol,pengujian (ANOVA)_Kelarutan_Matriks,Kelarutan Matriks,Gliserol,57,4.649999999999999,0.7828052355146239,0.7796004002910701,0.33333333333333254,0.01276633409893966,False
E,3.0,2.0,0.0,Gliserol,pengujian (ANOVA)_Kelarutan_Matriks,Kelarutan Matriks,Gliserol,58,4.449999999999998,-1.0959273297201413,-1.0982789575364817,0.33333333333333254,0.025022014833906564,False
F,1.0,2.0,1.0,Gliserol,pengujian (ANOVA)_Kelarutan_Matriks,Kelarutan Matriks,Gliserol,59,9.933333333333326,0.20874806280416228,0.20665598434316515,0.333333333333333,0.0009078282025935503,False
F,2.0,2.0,1.0,Gliserol,pengujian (ANOVA)_Kelarutan_Matriks,Kelarutan Matriks,Gliserol,60,10.033333333333331,1.148114345421591,1.1520202681511131,0.333333333333333,0.027461803128392637,False
F,3.0,2.0,1.0,Gliserol,pengujian (ANOVA)_Kelarutan_Matriks,Kelarutan Matriks,Gliserol,61,9.766666666666664,-1.3568624082247687,-1.3691685013230876,0.333333333333333,0.03835574155944825,False
G,1.0,2.0,2.0,Gliserol,pengujian (ANOVA)_Kelarutan_Matriks,Kelarutan Matriks,Gliserol,62,5.450000000000005,-0.15656104710265448,-0.15496119001234557,0.333333333333333,0.000510653363955824,False
G,2.0,2.0,2.0,Gliserol,pengujian (ANOVA)_Kelarutan_Matriks,Kelarutan Matriks,Gliserol,63,5.499999999999994,0.3131220942059347,0.31016016905937566,0.333333333333333,0.00204261345583146,False
G,3.0,2.0,2.0,Gliserol,pengujian (ANOVA)_Kelarutan_Matriks,Kelarutan Matriks,Gliserol,64,5.449999999999999,-0.15656104710270455,-0.15496119001239514,0.333333333333333,0.0005106533639561507,False
H,1.0,2.0,3.0,Gliserol,pengujian (ANOVA)_Kelarutan_Matriks,Kelarutan Matriks,Gliserol,65,2.34,0.06262441884151901,0.06197117940885785,0.3333333333333331,8.170453823412493e-05,False
H,2.0,2.0,3.0,Gliserol,pengujian (ANOVA)_Kelarutan_Matriks,Kelarutan Matriks,Gliserol,66,2.2799999999999976,-0.5009953507289315,-0.4970504457530367,0.3333333333333331,0.005229090446916767,False
H,3.0,2.0,3.0,Gliserol,pengujian (ANOVA)_Kelarutan_Matriks,Kelarutan Matriks,Gliserol,67,2.38,0.43837093188847215,0.43465147488916295,0.3333333333333331,0.004003522373432652,False
I,1.0,3.0,0.0,Gliserol,pengujian (ANOVA)_Kelarutan_Matriks,Kelarutan Matriks,Gliserol,68,13.233333333333327,0.4174961256078739,0.41387645883588536,0.3333333333333326,0.003631312810366355,False
I,2.0,3.0,0.0,Gliserol,pengujian (ANOVA)_Kelarutan_Matriks,Kelarutan Matriks,Gliserol,69,13.233333333333333,0.41749612560792393,0.41387645883593516,0.3333333333333326,0.0036313128103672254,False
I,3.0,3.0,0.0,Gliserol,pengujian (ANOVA)_Kelarutan_Matriks,Kelarutan Matriks,Gliserol,70,13.1,-0.8349922512152473,-0.8323155435305185,0.3333333333333326,0.014525251241448009,False
J,1.0,3.0,1.0,Gliserol,pengujian (ANOVA)_Kelarutan_Matriks,Kelarutan Matriks,Gliserol,71,8.375000000000005,0.23484157065458244,0.2325160442295448,0.33333333333333304,0.0011489700689064825,False
J,2.0,3.0,1.0,Gliserol,pengujian (ANOVA)_Kelarutan_Matriks,Kelarutan Matriks,Gliserol,72,8.274999999999999,-0.704524711962863,-0.7007799907136618,0.33333333333333304,0.010340730620132384,False
J,3.0,3.0,1.0,Gliserol,pengujian (ANOVA)_Kelarutan_Matriks,Kelarutan Matriks,Gliserol,73,8.400000000000002,0.4696831413088979,0.4658365549848711,0.33333333333333304,0.004595880275620705,False
K,1.0,3.0,2.0,Gliserol,pengujian (ANOVA)_Kelarutan_Matriks,Kelarutan Matriks,Gliserol,74,3.700000000000001,0.18787325652381864,0.18597433291705026,0.333333333333333,0.000735340844101344,False
K,2.0,3.0,2.0,Gliserol,pengujian (ANOVA)_Kelarutan_Matriks,Kelarutan Matriks,Gliserol,75,3.5800000000000054,-0.939366282616999,-0.9381933659697057,0.333333333333333,0.01838352110245163,False
K,3.0,3.0,2.0,Gliserol,pengujian (ANOVA)_Kelarutan_Matriks,Kelarutan Matriks,Gliserol,76,3.759999999999999,0.7514930260942274,0.7480372914828674,0.333333333333333,0.011765453505588715,False
L,1.0,3.0,3.0,Gliserol,pengujian (ANOVA)_Kelarutan_Matriks,Kelarutan Matriks,Gliserol,77,2.2333333333333356,-0.26093507850470643,-0.2583860216602598,0.33333333333333304,0.0014184815665470253,False
L,2.0,3.0,3.0,Gliserol,pengujian (ANOVA)_Kelarutan_Matriks,Kelarutan Matriks,Gliserol,78,2.2333333333333356,-0.26093507850470643,-0.2583860216602598,0.33333333333333304,0.0014184815665470253,False
L,3.0,3.0,3.0,Gliserol,pengujian (ANOVA)_Kelarutan_Matriks,Kelarutan Matriks,Gliserol,79,2.316666666666663,0.5218701570097215,0.5178766844694442,0.33333333333333304,0.005673926266194812,False
