Formulation,Replicate,CMC,PVA,Plasticizer,source_file,source_sheet,source_block,source_row,Kelarutan,Standardized_Resid,Studentized_Resid,Leverage,Cooks_D,Flagged_Outlier
A,1.0,1.0,0.0,Sorbitol,pengujian (ANOVA)_Kelarutan_Matriks,Kelarutan Matriks,Sorbitol,4,85.00000000000001,-0.3131220942021718,-0.3101601690556484,0.3333333333333333,0.0020426134557823693,False
A,2.0,1.0,0.0,Sorbitol,pengujian (ANOVA)_Kelarutan_Matriks,Kelarutan Matriks,Sorbitol,5,85.20000000000003,1.565610471032752,1.590354243153798,0.3333333333333335,0.051065336395987454,False
A,3.0,1.0,0.0,Sorbitol,pengujian (ANOVA)_Kelarutan_Matriks,Kelarutan Matriks,Sorbitol,6,84.9,-1.252488376819633,-1.2601357668305175,0.3333333333333331,0.03268181529308911,False
B,1.0,1.0,1.0,Sorbitol,pengujian (ANOVA)_Kelarutan_Matriks,Kelarutan Matriks,Sorbitol,7,93.65,-1.5656104710247427,-1.5903542431456528,0.3333333333333338,0.05106533639546504,False
B,2.0,1.0,1.0,Sorbitol,pengujian (ANOVA)_Kelarutan_Matriks,Kelarutan Matriks,Sorbitol,8,94.05,2.191854659444705,2.286336007241069,0.3333333333333336,0.10008805933603059,True
B,3.0,1.0,1.0,Sorbitol,pengujian (ANOVA)_Kelarutan_Matriks,Kelarutan Matriks,Sorbitol,9,93.75,-0.626244188407414,-0.622233656182101,0.33333333333333354,0.008170453823209604,False
C,1.0,1.0,2.0,Sorbitol,pengujian (ANOVA)_Kelarutan_Matriks,Kelarutan Matriks,Sorbitol,10,97.23333333333332,-0.10437403139827658,-0.10329280166548618,0.33333333333333337,0.00022695705063184227,False
C,2.0,1.0,2.0,Sorbitol,pengujian (ANOVA)_Kelarutan_Matriks,Kelarutan Matriks,Sorbitol,11,97.16666666666666,-0.7306182198098287,-0.7270214232183247,0.33333333333333315,0.011120895481626723,False
C,3.0,1.0,2.0,Sorbitol,pengujian (ANOVA)_Kelarutan_Matriks,Kelarutan Matriks,Sorbitol,12,97.33333333333331,0.8349922512190517,0.8323155435343105,0.3333333333333335,0.014525251241580427,False
D,1.0,1.0,3.0,Sorbitol,pengujian (ANOVA)_Kelarutan_Matriks,Kelarutan Matriks,Sorbitol,13,97.05,0.23484157065760267,0.232516044232535,0.3333333333333336,0.0011489700689360385,False
D,2.0,1.0,3.0,Sorbitol,pengujian (ANOVA)_Kelarutan_Matriks,Kelarutan Matriks,Sorbitol,14,97.0,-0.23484157065106154,-0.23251604422605868,0.3333333333333335,0.0011489700688720327,False
D,3.0,1.0,3.0,Sorbitol,pengujian (ANOVA)_Kelarutan_Matriks,Kelarutan Matriks,Sorbitol,15,97.025,3.3372994416587495e-12,3.3023529347613856e-12,0.3333333333333335,2.3203265756866267e-25,False
E,1.0,2.0,0.0,Sorbitol,pengujian (ANOVA)_Kelarutan_Matriks,Kelarutan Matriks,Sorbitol,16,90.9,-0.4696831413046594,-0.46583655498066695,0.3333333333333333,0.004595880275537762,False
E,2.0,2.0,0.0,Sorbitol,pengujian (ANOVA)_Kelarutan_Matriks,Kelarutan Matriks,Sorbitol,17,91.2,2.3484157065474585,2.4700536250547387,0.33333333333333315,0.11489700689080821,True
E,3.0,2.0,0.0,Sorbitol,pengujian (ANOVA)_Kelarutan_Matriks,Kelarutan Matriks,Sorbitol,18,90.75,-1.8787325652307851,-1.9314281214899915,0.33333333333333337,0.07353408440955514,True
F,1.0,2.0,1.0,Sorbitol,pengujian (ANOVA)_Kelarutan_Matriks,Kelarutan Matriks,Sorbitol,19,91.06666666666666,-0.3131220942007034,-0.310160169054194,0.33333333333333354,0.0020426134557632136,False
F,2.0,2.0,1.0,Sorbitol,pengujian (ANOVA)_Kelarutan_Matriks,Kelarutan Matriks,Sorbitol,20,91.16666666666666,0.626244188416625,0.6222336561912525,0.33333333333333376,0.008170453823449957,False
F,3.0,2.0,1.0,Sorbitol,pengujian (ANOVA)_Kelarutan_Matriks,Kelarutan Matriks,Sorbitol,21,91.06666666666668,-0.31312209420056997,-0.31016016905406146,0.3333333333333336,0.0020426134557614732,False
G,1.0,2.0,2.0,Sorbitol,pengujian (ANOVA)_Kelarutan_Matriks,Kelarutan Matriks,Sorbitol,22,96.225,-0.23484157065066114,-0.23251604422566224,0.333333333333334,0.0011489700688681172,False
G,2.0,2.0,2.0,Sorbitol,pengujian (ANOVA)_Kelarutan_Matriks,Kelarutan Matriks,Sorbitol,23,96.175,-0.7045247119593254,-0.7007799907101424,0.333333333333334,0.01034073062002858,False
G,3.0,2.0,2.0,Sorbitol,pengujian (ANOVA)_Kelarutan_Matriks,Kelarutan Matriks,Sorbitol,24,96.35,0.9393662826210666,0.9381933659737686,0.33333333333333404,0.018383521102610923,False
H,1.0,2.0,3.0,Sorbitol,pengujian (ANOVA)_Kelarutan_Matriks,Kelarutan Matriks,Sorbitol,25,97.14,4.5387272406559e-12,4.4911999912754854e-12,0.33333333333333376,4.29167603438999e-25,False
H,2.0,2.0,3.0,Sorbitol,pengujian (ANOVA)_Kelarutan_Matriks,Kelarutan Matriks,Sorbitol,26,97.1,-0.3757465130424728,-0.37235991234380883,0.33333333333333376,0.00294136337632453,False
H,3.0,2.0,3.0,Sorbitol,pengujian (ANOVA)_Kelarutan_Matriks,Kelarutan Matriks,Sorbitol,27,97.18,0.3757465130515502,0.37235991235280447,0.33333333333333376,0.0029413633764666467,False
I,1.0,3.0,0.0,Sorbitol,pengujian (ANOVA)_Kelarutan_Matriks,Kelarutan Matriks,Sorbitol,28,86.23333333333333,3.737775374657799e-12,3.698635286932752e-12,0.3333333333333334,2.910617656541304e-25,False
I,2.0,3.0,0.0,Sorbitol,pengujian (ANOVA)_Kelarutan_Matriks,Kelarutan Matriks,Sorbitol,29,86.19999999999999,-0.3131220942021718,-0.3101601690556486,0.3333333333333334,0.0020426134557823706,False
I,3.0,3.0,0.0,Sorbitol,pengujian (ANOVA)_Kelarutan_Matriks,Kelarutan Matriks,Sorbitol,30,86.26666666666667,0.3131220942095139,0.3101601690629211,0.3333333333333334,0.0020426134558781616,False
J,1.0,3.0,1.0,Sorbitol,pengujian (ANOVA)_Kelarutan_Matriks,Kelarutan Matriks,Sorbitol,31,90.05000000000001,-0.31312209420070347,-0.31016016905419386,0.33333333333333365,0.0020426134557632158,False
J,2.0,3.0,1.0,Sorbitol,pengujian (ANOVA)_Kelarutan_Matriks,Kelarutan Matriks,Sorbitol,32,90.15,0.626244188416625,0.6222336561912531,0.33333333333333365,0.008170453823449955,False
J,3.0,3.0,1.0,Sorbitol,pengujian (ANOVA)_Kelarutan_Matriks,Kelarutan Matriks,Sorbitol,33,90.05,-0.313122094200837,-0.31016016905432636,0.33333333333333365,0.0020426134557649574,False
K,1.0,3.0,2.0,Sorbitol,pengujian (ANOVA)_Kelarutan_Matriks,Kelarutan Matriks,Sorbitol,34,95.98,-0.1252488376772645,-0.12395755282646564,0.33333333333333387,0.0003268181529063706,False
K,2.0,3.0,2.0,Sorbitol,pengujian (ANOVA)_Kelarutan_Matriks,Kelarutan Matriks,Sorbitol,35,95.98,-0.1252488376772645,-0.12395755282646564,0.33333333333333387,0.0003268181529063706,False
K,3.0,3.0,2.0,Sorbitol,pengujian (ANOVA)_Kelarutan_Matriks,Kelarutan Matriks,Sorbitol,36,96.02,0.25049767536961354,0.24803676963703314,0.33333333333333387,0.001307272611782926,False
L,1.0,3.0,3.0,Sorbitol,pengujian (ANOVA)_Kelarutan_Matriks,Kelarutan Matriks,Sorbitol,37,96.55,-0.3131220942012375,-0.310160169054723,0.333333333333334,0.0020426134557701863,False
L,2.0,3.0,3.0,Sorbitol,pengujian (ANOVA)_Kelarutan_Matriks,Kelarutan Matriks,Sorbitol,38,96.5,-0.7828052355099018,-0.7796004002863675,0.333333333333334,0.01276633409878572,False
L,3.0,3.0,3.0,Sorbitol,pengujian (ANOVA)_Kelarutan_Matriks,Kelarutan Matriks,Sorbitol,39,96.7,1.095927329724889,1.0982789575412397,0.333333333333334,0.025022014834123522,False
A,1.0,1.0,0.0,Gliserol,pengujian (ANOVA)_Kelarutan_Matriks,Kelarutan Matriks,Gliserol,44,85.60000000000001,-0.6262441884087492,-0.6222336561834262,0.33333333333333404,0.008170453823244463,False
A,2.0,1.0,0.0,Gliserol,pengujian (ANOVA)_Kelarutan_Matriks,Kelarutan Matriks,Gliserol,45,86.09999999999998,4.070587224677895,4.977732971184545,0.33333333333333404,0.3452016740356445,True
A,3.0,1.0,0.0,Gliserol,pengujian (ANOVA)_Kelarutan_Matriks,Kelarutan Matriks,Gliserol,46,85.29999999999998,-3.4443430362611362,-3.9280976671943537,0.33333333333333404,0.24715622815501292,True
B,1.0,1.0,1.0,Gliserol,pengujian (ANOVA)_Kelarutan_Matriks,Kelarutan Matriks,Gliserol,47,91.8,-0.31312209420243875,-0.31016016905591287,0.33333333333333337,0.002042613455785853,False
B,2.0,1.0,1.0,Gliserol,pengujian (ANOVA)_Kelarutan_Matriks,Kelarutan Matriks,Gliserol,48,91.7,-1.252488376819767,-1.2601357668306477,0.33333333333333337,0.03268181529309615,False
B,3.0,1.0,1.0,Gliserol,pengujian (ANOVA)_Kelarutan_Matriks,Kelarutan Matriks,Gliserol,49,92.0,1.5656104710323513,1.5903542431533835,0.33333333333333337,0.05106533639596129,False
C,1.0,1.0,2.0,Gliserol,pengujian (ANOVA)_Kelarutan_Matriks,Kelarutan Matriks,Gliserol,50,95.2,0.8349922512187845,0.8323155435340459,0.333333333333333,0.0145252512415711,False
C,2.0,1.0,2.0,Gliserol,pengujian (ANOVA)_Kelarutan_Matriks,Kelarutan Matriks,Gliserol,51,95.1,-0.10437403139867703,-0.10329280166588249,0.333333333333333,0.00022695705063358336,False
C,3.0,1.0,2.0,Gliserol,pengujian (ANOVA)_Kelarutan_Matriks,Kelarutan Matriks,Gliserol,52,95.03333333333332,-0.7306182198103626,-0.7270214232188575,0.333333333333333,0.01112089548164297,False
D,1.0,1.0,3.0,Gliserol,pengujian (ANOVA)_Kelarutan_Matriks,Kelarutan Matriks,Gliserol,53,97.8,0.3914026177599567,0.38792358807672905,0.3333333333333333,0.0031915835247780574,False
D,2.0,1.0,3.0,Gliserol,pengujian (ANOVA)_Kelarutan_Matriks,Kelarutan Matriks,Gliserol,54,97.8,0.3914026177599567,0.38792358807672905,0.3333333333333333,0.0031915835247780574,False
D,3.0,1.0,3.0,Gliserol,pengujian (ANOVA)_Kelarutan_Matriks,Kelarutan Matriks,Gliserol,55,97.675,-0.7828052355117703,-0.7796004002882283,0.3333333333333333,0.012766334098846626,False
E,1.0,2.0,0.0,Gliserol,pengujian (ANOVA)_Kelarutan_Matriks,Kelarutan Matriks,Gliserol,56,95.4,-0.3131220942028391,-0.3101601690563093,0.33333333333333254,0.002042613455791069,False
E,2.0,2.0,0.0,Gliserol,pengujian (ANOVA)_Kelarutan_Matriks,Kelarutan Matriks,Gliserol,57,95.35,-0.7828052355116365,-0.7796004002880956,0.33333333333333254,0.012766334098842222,False
E,3.0,2.0,0.0,Gliserol,pengujian (ANOVA)_Kelarutan_Matriks,Kelarutan Matriks,Gliserol,58,95.55,1.0959273297231524,1.0982789575394982,0.33333333333333254,0.025022014834044065,False
F,1.0,2.0,1.0,Gliserol,pengujian (ANOVA)_Kelarutan_Matriks,Kelarutan Matriks,Gliserol,59,90.06666666666668,-0.20874806280042435,-0.20665598433946455,0.333333333333333,0.0009078282025610384,False
F,2.0,2.0,1.0,Gliserol,pengujian (ANOVA)_Kelarutan_Matriks,Kelarutan Matriks,Gliserol,60,89.96666666666667,-1.1481143454178857,-1.152020268147394,0.333333333333333,0.027461803128215383,False
F,3.0,2.0,1.0,Gliserol,pengujian (ANOVA)_Kelarutan_Matriks,Kelarutan Matriks,Gliserol,61,90.23333333333332,1.3568624082283223,1.3691685013266683,0.333333333333333,0.03835574155964916,False
G,1.0,2.0,2.0,Gliserol,pengujian (ANOVA)_Kelarutan_Matriks,Kelarutan Matriks,Gliserol,62,94.55,0.1565610471062253,0.1549611900158799,0.333333333333333,0.0005106533639791179,False
G,2.0,2.0,2.0,Gliserol,pengujian (ANOVA)_Kelarutan_Matriks,Kelarutan Matriks,Gliserol,63,94.5,-0.3131220942024387,-0.31016016905591276,0.333333333333333,0.0020426134557858487,False
G,3.0,2.0,2.0,Gliserol,pengujian (ANOVA)_Kelarutan_Matriks,Kelarutan Matriks,Gliserol,64,94.55,0.1565610471062253,0.1549611900158799,0.333333333333333,0.0005106533639791179,False
H,1.0,2.0,3.0,Gliserol,pengujian (ANOVA)_Kelarutan_Matriks,Kelarutan Matriks,Gliserol,65,97.66,-0.06262441883803149,-0.06197117940540671,0.3333333333333331,8.170453822502477e-05,False
H,2.0,2.0,3.0,Gliserol,pengujian (ANOVA)_Kelarutan_Matriks,Kelarutan Matriks,Gliserol,66,97.72,0.5009953507324187,0.4970504457564961,0.3333333333333331,0.005229090446989562,False
H,3.0,2.0,3.0,Gliserol,pengujian (ANOVA)_Kelarutan_Matriks,Kelarutan Matriks,Gliserol,67,97.62,-0.4383709318849093,-0.43465147488563005,0.3333333333333331,0.004003522373367574,False
I,1.0,3.0,0.0,Gliserol,pengujian (ANOVA)_Kelarutan_Matriks,Kelarutan Matriks,Gliserol,68,86.76666666666668,-0.4174961256052539,-0.41387645883328783,0.3333333333333326,0.003631312810320778,False
I,2.0,3.0,0.0,Gliserol,pengujian (ANOVA)_Kelarutan_Matriks,Kelarutan Matriks,Gliserol,69,86.76666666666667,-0.41749612560538735,-0.4138764588334207,0.3333333333333326,0.0036313128103230997,False
I,3.0,3.0,0.0,Gliserol,pengujian (ANOVA)_Kelarutan_Matriks,Kelarutan Matriks,Gliserol,70,86.9,0.8349922512178498,0.832315543533113,0.3333333333333326,0.01452525124153855,False
J,1.0,3.0,1.0,Gliserol,pengujian (ANOVA)_Kelarutan_Matriks,Kelarutan Matriks,Gliserol,71,91.625,-0.23484157065092795,-0.2325160442259264,0.33333333333333304,0.0011489700688707232,False
J,2.0,3.0,1.0,Gliserol,pengujian (ANOVA)_Kelarutan_Matriks,Kelarutan Matriks,Gliserol,72,91.725,0.7045247119664,0.7007799907171793,0.33333333333333304,0.010340730620236212,False
J,3.0,3.0,1.0,Gliserol,pengujian (ANOVA)_Kelarutan_Matriks,Kelarutan Matriks,Gliserol,73,91.6,-0.4696831413053267,-0.46583655498132903,0.33333333333333304,0.004595880275550817,False
K,1.0,3.0,2.0,Gliserol,pengujian (ANOVA)_Kelarutan_Matriks,Kelarutan Matriks,Gliserol,74,96.3,-0.1878732565198346,-0.1859743329131065,0.333333333333333,0.0007353408440701567,False
K,2.0,3.0,2.0,Gliserol,pengujian (ANOVA)_Kelarutan_Matriks,Kelarutan Matriks,Gliserol,75,96.42,0.9393662826210658,0.9381933659737687,0.333333333333333,0.018383521102610805,False
K,3.0,3.0,2.0,Gliserol,pengujian (ANOVA)_Kelarutan_Matriks,Kelarutan Matriks,Gliserol,76,96.24,-0.7514930260902849,-0.7480372914789433,0.333333333333333,0.011765453505465265,False
L,1.0,3.0,3.0,Gliserol,pengujian (ANOVA)_Kelarutan_Matriks,Kelarutan Matriks,Gliserol,77,97.76666666666668,0.26093507850797265,0.2583860216634941,0.33333333333333304,0.0014184815665825366,False
L,2.0,3.0,3.0,Gliserol,pengujian (ANOVA)_Kelarutan_Matriks,Kelarutan Matriks,Gliserol,78,97.76666666666668,0.26093507850797265,0.2583860216634941,0.33333333333333304,0.0014184815665825366,False
L,3.0,3.0,3.0,Gliserol,pengujian (ANOVA)_Kelarutan_Matriks,Kelarutan Matriks,Gliserol,79,97.68333333333334,-0.5218701570066008,-0.5178766844663478,0.33333333333333304,0.005673926266126953,False
