Formulation,Replicate,CMC,PVA,Plasticizer,source_file,source_sheet,source_block,source_row,Opasitas,Standardized_Resid,Studentized_Resid,Leverage,Cooks_D,Flagged_Outlier
B,1,1,1,Sorbitol,pengujian (ANOVA)_Opasitas,Opasitas,Sorbitol,3,1.4939759036144578,0.510252672232635,0.5060173090275843,0.12500000000000003,0.006198994988584403,False
B,2,1,1,Sorbitol,pengujian (ANOVA)_Opasitas,Opasitas,Sorbitol,4,1.5180722891566265,0.6514365069011154,0.6472166541706832,0.12499999999999997,0.010104036250560165,False
B,3,1,1,Sorbitol,pengujian (ANOVA)_Opasitas,Opasitas,Sorbitol,5,1.469879518072289,0.36906883756415465,0.36549862240340497,0.12499999999999994,0.003243138258594198,False
C,1,1,2,Sorbitol,pengujian (ANOVA)_Opasitas,Opasitas,Sorbitol,6,1.631578947368421,0.5687794239291877,0.564456778346828,0.1111111111111111,0.006739792355942054,False
C,2,1,2,Sorbitol,pengujian (ANOVA)_Opasitas,Opasitas,Sorbitol,7,1.6578947368421053,0.7217576995922457,0.7178602983853196,0.11111111111111109,0.01085279535251438,False
C,3,1,2,Sorbitol,pengujian (ANOVA)_Opasitas,Opasitas,Sorbitol,8,1.6052631578947367,0.4158011482661295,0.4119472945977098,0.11111111111111106,0.0036018873937381612,False
D,1,1,3,Sorbitol,pengujian (ANOVA)_Opasitas,Opasitas,Sorbitol,9,1.8095238095238095,1.4553966971350807,1.4742499312461026,0.1111111111111111,0.04412874054232712,False
D,2,1,3,Sorbitol,pengujian (ANOVA)_Opasitas,Opasitas,Sorbitol,10,1.8333333333333337,1.5938056132111824,1.6224555288578029,0.1111111111111111,0.05292117359798903,False
D,3,1,3,Sorbitol,pengujian (ANOVA)_Opasitas,Opasitas,Sorbitol,11,1.7857142857142858,1.3169877810589814,1.328119042422019,0.1111111111111111,0.036134516988722075,False
G,1,2,2,Sorbitol,pengujian (ANOVA)_Opasitas,Opasitas,Sorbitol,12,1.8584070796460177,-0.7141224996322378,-0.7101788102471962,0.12499999999999997,0.012142165344785606,False
G,2,2,2,Sorbitol,pengujian (ANOVA)_Opasitas,Opasitas,Sorbitol,13,1.8761061946902653,-0.6104210989465413,-0.6061151642047268,0.12499999999999997,0.008871759953311978,False
G,3,2,2,Sorbitol,pengujian (ANOVA)_Opasitas,Opasitas,Sorbitol,14,1.8407079646017697,-0.817823900317937,-0.8147635071209957,0.12499999999999997,0.01592466504598197,False
H,1,2,3,Sorbitol,pengujian (ANOVA)_Opasitas,Opasitas,Sorbitol,15,1.9402985074626864,-0.38328576116741275,-0.3796232740295964,0.12499999999999994,0.003497808921754355,False
H,2,2,3,Sorbitol,pengujian (ANOVA)_Opasitas,Opasitas,Sorbitol,16,1.958955223880597,-0.27397365036998833,-0.271138624878622,0.12499999999999994,0.0017871800261203949,False
H,3,2,3,Sorbitol,pengujian (ANOVA)_Opasitas,Opasitas,Sorbitol,17,1.921641791044776,-0.49259787196483584,-0.48841242096394755,0.12499999999999994,0.0057774443681972544,False
J,1,3,1,Sorbitol,pengujian (ANOVA)_Opasitas,Opasitas,Sorbitol,18,2.142857142857143,-1.0918590249830933,-1.0942510376710772,0.125,0.028384669772310262,False
J,2,3,1,Sorbitol,pengujian (ANOVA)_Opasitas,Opasitas,Sorbitol,19,2.157142857142857,-1.0081571801439235,-1.0083448975807516,0.125,0.024199545235136847,False
J,3,3,1,Sorbitol,pengujian (ANOVA)_Opasitas,Opasitas,Sorbitol,20,2.128571428571428,-1.175560869822266,-1.180696575820241,0.125,0.032903413301363864,False
K,1,3,2,Sorbitol,pengujian (ANOVA)_Opasitas,Opasitas,Sorbitol,21,2.347826086956522,-0.6291567649518931,-0.6248812849218277,0.11111111111111112,0.008246629893431912,False
K,2,3,2,Sorbitol,pengujian (ANOVA)_Opasitas,Opasitas,Sorbitol,22,2.3043478260869565,-0.8819034812647719,-0.8796846136579127,0.11111111111111112,0.01620320313056092,False
K,3,3,2,Sorbitol,pengujian (ANOVA)_Opasitas,Opasitas,Sorbitol,23,2.391304347826087,-0.3764100486390167,-0.372791555939122,0.11111111111111112,0.0029517609315922286,False
L,1,3,3,Sorbitol,pengujian (ANOVA)_Opasitas,Opasitas,Sorbitol,24,2.526315789473684,0.26062776033812024,0.25791035635491516,0.11111111111111112,0.0014151422803930134,False
L,2,3,3,Sorbitol,pengujian (ANOVA)_Opasitas,Opasitas,Sorbitol,25,2.5473684210526315,0.3830103808685667,0.3793496327545202,0.11111111111111112,0.003056186496939262,False
L,3,3,3,Sorbitol,pengujian (ANOVA)_Opasitas,Opasitas,Sorbitol,26,2.5105263157894737,0.1688407949402867,0.16700715376524902,0.11111111111111112,0.0005939002924180822,False
B,1,1,1,Gliserol,pengujian (ANOVA)_Opasitas,Opasitas,Gliserol,30,1.3541666666666667,0.1541107770511705,0.15242904474458333,0.11265432098765432,0.0005025390165339238,False
B,2,1,1,Gliserol,pengujian (ANOVA)_Opasitas,Opasitas,Gliserol,31,1.3958333333333337,0.3965369109525875,0.39279305216666127,0.11265432098765432,0.0033271394456785165,False
B,3,1,1,Gliserol,pengujian (ANOVA)_Opasitas,Opasitas,Gliserol,32,1.3125,-0.08831535685024519,-0.0873361311880688,0.11265432098765432,0.00016503506221964898,False
C,1,1,2,Gliserol,pengujian (ANOVA)_Opasitas,Opasitas,Gliserol,33,1.523809523809524,0.40416455685545216,0.4003759485166554,0.11728395061728393,0.003617285304598037,False
C,2,1,2,Gliserol,pengujian (ANOVA)_Opasitas,Opasitas,Gliserol,34,1.542857142857143,0.5152781730305368,0.5110305306088124,0.11728395061728393,0.005879627408428983,False
C,3,1,2,Gliserol,pengujian (ANOVA)_Opasitas,Opasitas,Gliserol,35,1.5047619047619047,0.2930509406803661,0.29005342963165565,0.11728395061728393,0.0019017461804653856,False
D,1,1,3,Gliserol,pengujian (ANOVA)_Opasitas,Opasitas,Gliserol,36,0.9466666666666668,-3.1109011789441543,-3.4720670562496427,0.11728395061728397,0.214308178039588,True
D,2,1,3,Gliserol,pengujian (ANOVA)_Opasitas,Opasitas,Gliserol,37,0.9666666666666668,-2.994231881960314,-3.3086594113368,0.11728395061728397,0.19853504276923606,True
D,3,1,3,Gliserol,pengujian (ANOVA)_Opasitas,Opasitas,Gliserol,38,0.9333333333333336,-3.1886807102667127,-3.583820102095325,0.11728395061728397,0.22515851837822093,True
F,1,2,1,Gliserol,pengujian (ANOVA)_Opasitas,Opasitas,Gliserol,39,1.8367346938775508,0.36849066485461035,0.3649243083660908,0.13580246913580243,0.003556283502226,False
F,2,2,1,Gliserol,pengujian (ANOVA)_Opasitas,Opasitas,Gliserol,40,1.857142857142857,0.4888097458633763,0.48463635404760586,0.13580246913580243,0.006257820581336197,False
F,3,2,1,Gliserol,pengujian (ANOVA)_Opasitas,Opasitas,Gliserol,41,1.8163265306122447,0.24817158384584448,0.24556673463504014,0.13580246913580243,0.0016130487745573928,False
G,1,2,2,Gliserol,pengujian (ANOVA)_Opasitas,Opasitas,Gliserol,42,1.9166666666666667,0.09069225308658202,0.08968709688077975,0.11265432098765431,0.0001740380255664368,False
G,2,2,2,Gliserol,pengujian (ANOVA)_Opasitas,Opasitas,Gliserol,43,1.9583333333333333,0.3331183869879964,0.32980316747443866,0.11265432098765431,0.0023480155831050345,False
G,3,2,2,Gliserol,pengujian (ANOVA)_Opasitas,Opasitas,Gliserol,44,1.875,-0.15173388081483366,-0.1500768735066984,0.11265432098765431,0.00048715694285811605,False
H,1,2,3,Gliserol,pengujian (ANOVA)_Opasitas,Opasitas,Gliserol,45,2.035714285714285,0.6354026202628988,0.6311405779658914,0.11265432098765431,0.008542830074810985,False
H,2,2,3,Gliserol,pengujian (ANOVA)_Opasitas,Opasitas,Gliserol,46,2.057142857142857,0.7600789176979146,0.7564576202181426,0.11265432098765431,0.012224219467363713,False
H,3,2,3,Gliserol,pengujian (ANOVA)_Opasitas,Opasitas,Gliserol,47,2.014285714285714,0.5107263228278858,0.5064897653875653,0.11265432098765431,0.005519252321315491,False
J,1,3,1,Gliserol,pengujian (ANOVA)_Opasitas,Opasitas,Gliserol,48,2.26027397260274,0.05978294367095596,0.059117304514918236,0.1126543209876543,7.562377560562972e-05,False
J,2,3,1,Gliserol,pengujian (ANOVA)_Opasitas,Opasitas,Gliserol,49,2.301369863013699,0.29888817162851716,0.2958423336086663,0.1126543209876543,0.0018902585962837582,False
J,3,3,1,Gliserol,pengujian (ANOVA)_Opasitas,Opasitas,Gliserol,50,2.219178082191781,-0.17932228428660524,-0.177382009353753,0.1126543209876543,0.0006804125101011367,False
K,1,3,2,Gliserol,pengujian (ANOVA)_Opasitas,Opasitas,Gliserol,51,2.424242424242424,0.2764882387250872,0.27363140823719256,0.11728395061728394,0.0016928545185462883,False
K,2,3,2,Gliserol,pengujian (ANOVA)_Opasitas,Opasitas,Gliserol,52,2.4494949494949494,0.42379795713902735,0.4199014322038372,0.11728395061728394,0.003977260444089795,False
K,3,3,2,Gliserol,pengujian (ANOVA)_Opasitas,Opasitas,Gliserol,53,2.398989898989899,0.12917852031114951,0.12775882981717732,0.11728395061728394,0.0003695276364636168,False
L,1,3,3,Gliserol,pengujian (ANOVA)_Opasitas,Opasitas,Gliserol,54,2.592592592592593,1.1102298624568234,1.1131762197065493,0.11728395061728393,0.0272955671355793,False
L,2,3,3,Gliserol,pengujian (ANOVA)_Opasitas,Opasitas,Gliserol,55,2.638888888888889,1.3802976795490416,1.394719171398003,0.11728395061728393,0.04219022377529242,False
L,3,3,3,Gliserol,pengujian (ANOVA)_Opasitas,Opasitas,Gliserol,56,2.5462962962962967,0.8401620453646028,0.837367921478444,0.11728395061728393,0.015631203947498163,False
