Formulation,Replicate,CMC,PVA,Plasticizer,source_file,source_sheet,source_block,source_row,UTS,Standardized_Resid,Studentized_Resid,Leverage,Cooks_D,Flagged_Outlier
B,1,1,1,Sorbitol,pengujian (ANOVA)_UTS_&_elong,UTS & elong,Sorbitol,3,0.3012048192771084,-1.4782599440375765,-1.4985817991131696,0.12500000000000003,0.05202982052728522,False
B,2,1,1,Sorbitol,pengujian (ANOVA)_UTS_&_elong,UTS & elong,Sorbitol,4,0.36144578313253,-1.4009834178165272,-1.4165669323721373,0.12499999999999997,0.04673225088087804,False
B,3,1,1,Sorbitol,pengujian (ANOVA)_UTS_&_elong,UTS & elong,Sorbitol,5,0.180722891566265,-1.6328129964796756,-1.6646331366233968,0.12499999999999994,0.06347805432078418,False
C,1,1,2,Sorbitol,pengujian (ANOVA)_UTS_&_elong,UTS & elong,Sorbitol,6,1.0526315789473684,-0.6348171594955565,-0.6305537868798181,0.1111111111111111,0.00839568387479181,False
C,2,1,2,Sorbitol,pengujian (ANOVA)_UTS_&_elong,UTS & elong,Sorbitol,7,1.5789473684210529,0.035040250641297656,0.03464919987514657,0.11111111111111109,2.5579565937603344e-05,False
C,3,1,2,Sorbitol,pengujian (ANOVA)_UTS_&_elong,UTS & elong,Sorbitol,8,1.0526315789473684,-0.6348171594955565,-0.6305537868798181,0.11111111111111106,0.008395683874791806,False
D,1,1,3,Sorbitol,pengujian (ANOVA)_UTS_&_elong,UTS & elong,Sorbitol,9,3.333333333333333,0.8539226353503916,0.8513067949918964,0.1111111111111111,0.01519133056591162,False
D,2,1,3,Sorbitol,pengujian (ANOVA)_UTS_&_elong,UTS & elong,Sorbitol,10,4.285714285714286,2.066045567978984,2.147342245950809,0.1111111111111111,0.08892800602011675,True
D,3,1,3,Sorbitol,pengujian (ANOVA)_UTS_&_elong,UTS & elong,Sorbitol,11,4.761904761904762,2.6721070342932807,2.880651883427299,0.1111111111111111,0.148753250056659,True
G,1,2,2,Sorbitol,pengujian (ANOVA)_UTS_&_elong,UTS & elong,Sorbitol,12,1.7699115044247786,0.5186120402662295,0.5143567317760563,0.12499999999999997,0.006403772578788124,False
G,2,2,2,Sorbitol,pengujian (ANOVA)_UTS_&_elong,UTS & elong,Sorbitol,13,1.7699115044247786,0.5186120402662295,0.5143567317760563,0.12499999999999997,0.006403772578788124,False
G,3,2,2,Sorbitol,pengujian (ANOVA)_UTS_&_elong,UTS & elong,Sorbitol,14,0.8849557522123893,-0.616600645812905,-0.6123031393468102,0.12499999999999997,0.009052294200402175,False
H,1,2,3,Sorbitol,pengujian (ANOVA)_UTS_&_elong,UTS & elong,Sorbitol,15,1.8656716417910448,-0.7837012771564125,-0.7802877818937308,0.12499999999999994,0.014623516471823614,False
H,2,2,3,Sorbitol,pengujian (ANOVA)_UTS_&_elong,UTS & elong,Sorbitol,16,1.4925373134328357,-1.2623543873315701,-1.2709557806287504,0.12499999999999994,0.03794139521941103,False
H,3,2,3,Sorbitol,pengujian (ANOVA)_UTS_&_elong,UTS & elong,Sorbitol,17,1.4925373134328357,-1.2623543873315701,-1.2709557806287504,0.12499999999999994,0.03794139521941103,False
J,1,3,1,Sorbitol,pengujian (ANOVA)_UTS_&_elong,UTS & elong,Sorbitol,18,0.9523809523809524,-0.06753618121288661,-0.06678494802397208,0.125,0.00010859847078142519,False
J,2,3,1,Sorbitol,pengujian (ANOVA)_UTS_&_elong,UTS & elong,Sorbitol,19,0.4761904761904761,-0.6783887218173735,-0.6742654103234533,0.125,0.010957410902119281,False
J,3,3,1,Sorbitol,pengujian (ANOVA)_UTS_&_elong,UTS & elong,Sorbitol,20,0.9523809523809524,-0.06753618121288661,-0.0667849480239721,0.125,0.00010859847078142519,False
K,1,3,2,Sorbitol,pengujian (ANOVA)_UTS_&_elong,UTS & elong,Sorbitol,21,2.6086956521739126,1.9165191272615791,1.9775287015996297,0.11111111111111112,0.07652178260748929,False
K,2,3,2,Sorbitol,pengujian (ANOVA)_UTS_&_elong,UTS & elong,Sorbitol,22,1.7391304347826084,0.8097981887746036,0.8066489920302385,0.11111111111111112,0.013661939719638099,False
K,3,3,2,Sorbitol,pengujian (ANOVA)_UTS_&_elong,UTS & elong,Sorbitol,23,1.7391304347826084,0.8097981887746036,0.8066489920302385,0.11111111111111112,0.013661939719638099,False
L,1,3,3,Sorbitol,pengujian (ANOVA)_UTS_&_elong,UTS & elong,Sorbitol,24,2.6315789473684212,0.5316677134045036,0.5273861208557217,0.11111111111111112,0.00588896994743278,False
L,2,3,3,Sorbitol,pengujian (ANOVA)_UTS_&_elong,UTS & elong,Sorbitol,25,2.1052631578947367,-0.13818969673235054,-0.13667463230459184,0.11111111111111112,0.0003978415058953963,False
L,3,3,3,Sorbitol,pengujian (ANOVA)_UTS_&_elong,UTS & elong,Sorbitol,26,2.1052631578947367,-0.13818969673235054,-0.13667463230459184,0.11111111111111112,0.0003978415058953963,False
B,1,1,1,Gliserol,pengujian (ANOVA)_UTS_&_elong,UTS & elong,Gliserol,31,0.9375,-0.3434963869040302,-0.3401044867437859,0.11265432098765432,0.0024965950871237673,False
B,2,1,1,Gliserol,pengujian (ANOVA)_UTS_&_elong,UTS & elong,Gliserol,32,1.5416666666666667,0.42611245192035085,0.4222039119416289,0.11265432098765432,0.00384195448775503,False
B,3,1,1,Gliserol,pengujian (ANOVA)_UTS_&_elong,UTS & elong,Gliserol,33,0.2083333333333333,-1.2723346406575937,-1.2813774783273573,0.11265432098765432,0.03425361940888755,False
C,1,1,2,Gliserol,pengujian (ANOVA)_UTS_&_elong,UTS & elong,Gliserol,34,0.9523809523809524,-0.45033934314290036,-0.4463143187367063,0.11728395061728393,0.004491031416859206,False
C,2,1,2,Gliserol,pengujian (ANOVA)_UTS_&_elong,UTS & elong,Gliserol,35,0.9523809523809524,-0.45033934314290036,-0.4463143187367063,0.11728395061728393,0.004491031416859206,False
C,3,1,2,Gliserol,pengujian (ANOVA)_UTS_&_elong,UTS & elong,Gliserol,36,0.9523809523809524,-0.45033934314290036,-0.4463143187367063,0.11728395061728393,0.004491031416859206,False
D,1,1,3,Gliserol,pengujian (ANOVA)_UTS_&_elong,UTS & elong,Gliserol,37,3.3333333333333335,1.1716340028624634,1.1766282407872046,0.11728395061728397,0.030398366546161848,False
D,2,1,3,Gliserol,pengujian (ANOVA)_UTS_&_elong,UTS & elong,Gliserol,38,3.3333333333333335,1.1716340028624634,1.1766282407872046,0.11728395061728397,0.030398366546161848,False
D,3,1,3,Gliserol,pengujian (ANOVA)_UTS_&_elong,UTS & elong,Gliserol,39,2.6666666666666665,0.32018638411456307,0.3169700379049887,0.11728395061728397,0.0022702413646559587,False
F,1,2,1,Gliserol,pengujian (ANOVA)_UTS_&_elong,UTS & elong,Gliserol,40,2.1052631578947367,1.39907506488475,1.4145495398840082,0.13580246913580243,0.05126552716429747,False
F,2,2,1,Gliserol,pengujian (ANOVA)_UTS_&_elong,UTS & elong,Gliserol,41,2.1052631578947367,1.39907506488475,1.4145495398840082,0.13580246913580243,0.05126552716429747,False
F,3,2,1,Gliserol,pengujian (ANOVA)_UTS_&_elong,UTS & elong,Gliserol,42,2.1052631578947367,1.39907506488475,1.4145495398840082,0.13580246913580243,0.05126552716429747,False
G,1,2,2,Gliserol,pengujian (ANOVA)_UTS_&_elong,UTS & elong,Gliserol,43,0.8333333333333334,-0.364145971086809,-0.36060887153346227,0.11265432098765431,0.002805787548663514,False
G,2,2,2,Gliserol,pengujian (ANOVA)_UTS_&_elong,UTS & elong,Gliserol,44,1.6666666666666667,0.6973834617744062,0.6933481292756235,0.11265432098765431,0.010290750600353967,False
G,3,2,2,Gliserol,pengujian (ANOVA)_UTS_&_elong,UTS & elong,Gliserol,45,0.8333333333333334,-0.364145971086809,-0.36060887153346227,0.11265432098765431,0.002805787548663514,False
H,1,2,3,Gliserol,pengujian (ANOVA)_UTS_&_elong,UTS & elong,Gliserol,46,2.142857142857143,-0.11123294987940968,-0.1100052086438945,0.11265432098765431,0.00026180062235880996,False
H,2,2,3,Gliserol,pengujian (ANOVA)_UTS_&_elong,UTS & elong,Gliserol,47,1.4285714285714284,-1.0211153209033086,-1.0216108817250413,0.11265432098765431,0.02206243025988205,False
H,3,2,3,Gliserol,pengujian (ANOVA)_UTS_&_elong,UTS & elong,Gliserol,48,2.142857142857143,-0.11123294987940968,-0.11000520864389451,0.11265432098765431,0.00026180062235880996,False
J,1,3,1,Gliserol,pengujian (ANOVA)_UTS_&_elong,UTS & elong,Gliserol,49,1.36986301369863,0.7786473912839558,0.7751869616069977,0.1126543209876543,0.012828782167128,False
J,2,3,1,Gliserol,pengujian (ANOVA)_UTS_&_elong,UTS & elong,Gliserol,50,1.36986301369863,0.7786473912839558,0.7751869616069977,0.1126543209876543,0.012828782167128,False
J,3,3,1,Gliserol,pengujian (ANOVA)_UTS_&_elong,UTS & elong,Gliserol,51,1.36986301369863,0.7786473912839558,0.7751869616069977,0.1126543209876543,0.012828782167128,False
K,1,3,2,Gliserol,pengujian (ANOVA)_UTS_&_elong,UTS & elong,Gliserol,52,0.5050505050505051,-0.44877608248398443,-0.4447580528396511,0.11728395061728394,0.004459906144503225,False
K,2,3,2,Gliserol,pengujian (ANOVA)_UTS_&_elong,UTS & elong,Gliserol,53,0.5050505050505051,-0.44877608248398443,-0.4447580528396511,0.11728395061728394,0.004459906144503225,False
K,3,3,2,Gliserol,pengujian (ANOVA)_UTS_&_elong,UTS & elong,Gliserol,54,0.5050505050505051,-0.44877608248398443,-0.4447580528396511,0.11728395061728394,0.004459906144503225,False
L,1,3,3,Gliserol,pengujian (ANOVA)_UTS_&_elong,UTS & elong,Gliserol,55,0.9259259259259258,-1.330157026808846,-1.3419403337795668,0.11728395061728393,0.039180695341969725,False
L,2,3,3,Gliserol,pengujian (ANOVA)_UTS_&_elong,UTS & elong,Gliserol,56,0.9259259259259258,-1.330157026808846,-1.3419403337795668,0.11728395061728393,0.039180695341969725,False
L,3,3,3,Gliserol,pengujian (ANOVA)_UTS_&_elong,UTS & elong,Gliserol,57,0.9259259259259258,-1.330157026808846,-1.3419403337795668,0.11728395061728393,0.039180695341969725,False
