Formulation,Replicate,CMC,PVA,Plasticizer,source_file,source_sheet,source_block,source_row,WVTR,Standardized_Resid,Studentized_Resid,Leverage,Cooks_D,Flagged_Outlier
B,1,1,1,Sorbitol,pengujian (ANOVA)_WVTR,WVTR,Sorbitol,3,12.992251226485246,1.471117571079132,1.4909744921317565,0.12500000000000003,0.051528259712803934,False
B,2,1,1,Sorbitol,pengujian (ANOVA)_WVTR,WVTR,Sorbitol,4,11.548667756874066,0.29360292381989156,0.29060081432991625,0.12499999999999997,0.0020524446875140245,False
B,3,1,1,Sorbitol,pengujian (ANOVA)_WVTR,WVTR,Sorbitol,5,12.118887521193257,0.7587247119097812,0.7550923860022167,0.12499999999999994,0.013706266391966196,False
C,1,1,2,Sorbitol,pengujian (ANOVA)_WVTR,WVTR,Sorbitol,6,10.82687602207104,0.8475027481971958,0.8448023612118447,0.1111111111111111,0.014963768920870825,False
C,2,1,2,Sorbitol,pengujian (ANOVA)_WVTR,WVTR,Sorbitol,7,12.270459491677093,2.0157818438620057,2.089843947655121,0.11111111111111109,0.08465367587591055,True
C,3,1,2,Sorbitol,pengujian (ANOVA)_WVTR,WVTR,Sorbitol,8,11.017766318618635,1.0019885453244455,1.002033877508036,0.11111111111111106,0.020916271770029124,False
D,1,1,3,Sorbitol,pengujian (ANOVA)_WVTR,WVTR,Sorbitol,9,7.21791734804565,-0.34029906229015605,-0.3369305282631349,0.1111111111111111,0.00241257191240749,False
D,2,1,3,Sorbitol,pengujian (ANOVA)_WVTR,WVTR,Sorbitol,10,6.496125613242623,-0.9244386101225617,-0.9229148220398283,0.1111111111111111,0.01780389049761112,False
D,3,1,3,Sorbitol,pengujian (ANOVA)_WVTR,WVTR,Sorbitol,11,5.774333878439597,-1.5085781579549666,-1.5309366674519445,0.1111111111111111,0.047412667888725,False
G,1,2,2,Sorbitol,pengujian (ANOVA)_WVTR,WVTR,Sorbitol,12,11.548667756879194,1.9559565216404815,2.0219609804352308,0.12499999999999997,0.09108966463209359,True
G,2,2,2,Sorbitol,pengujian (ANOVA)_WVTR,WVTR,Sorbitol,13,10.105084287268014,0.7784418743812412,0.7749795648720759,0.12499999999999997,0.014427898852147143,False
G,3,2,2,Sorbitol,pengujian (ANOVA)_WVTR,WVTR,Sorbitol,14,11.361457051120356,1.8032508743431024,1.851241865527316,0.12499999999999997,0.07742175513855148,False
H,1,2,3,Sorbitol,pengujian (ANOVA)_WVTR,WVTR,Sorbitol,15,5.774333878439597,-1.0075071434869753,-1.0076797307969738,0.12499999999999994,0.024168348670887723,False
H,2,2,3,Sorbitol,pengujian (ANOVA)_WVTR,WVTR,Sorbitol,16,6.496125613242623,-0.41874981985944665,-0.41488002414965014,0.12499999999999994,0.004175033610293308,False
H,3,2,3,Sorbitol,pengujian (ANOVA)_WVTR,WVTR,Sorbitol,17,5.508883159311765,-1.2240322814360196,-1.2310221599276847,0.12499999999999994,0.0356727387142254,False
J,1,3,1,Sorbitol,pengujian (ANOVA)_WVTR,WVTR,Sorbitol,18,8.661500817656831,-0.40204296068540935,-0.3982666434840663,0.125,0.0038485367199211813,False
J,2,3,1,Sorbitol,pengujian (ANOVA)_WVTR,WVTR,Sorbitol,19,7.21791734804565,-1.5795576079446505,-1.6070959589926177,0.125,0.05940481516228156,False
J,3,3,1,Sorbitol,pengujian (ANOVA)_WVTR,WVTR,Sorbitol,20,7.939709082853805,-0.990800284312938,-0.9905941406463338,0.125,0.02337345722368092,False
K,1,3,2,Sorbitol,pengujian (ANOVA)_WVTR,WVTR,Sorbitol,21,6.496125613242623,-1.0109661015842364,-1.0112195410370535,0.11111111111111112,0.0212927595531756,False
K,2,3,2,Sorbitol,pengujian (ANOVA)_WVTR,WVTR,Sorbitol,22,5.774333878439597,-1.5951056494166413,-1.6238582115353002,0.11111111111111112,0.053007542350018456,False
K,3,3,2,Sorbitol,pengujian (ANOVA)_WVTR,WVTR,Sorbitol,23,7.574304700745111,-0.13840548016352952,-0.13688814077795705,0.11111111111111112,0.00039908493623535765,False
L,1,3,3,Sorbitol,pengujian (ANOVA)_WVTR,WVTR,Sorbitol,24,5.774333878439597,0.13779027926633486,0.1362794269300247,0.11111111111111112,0.00039554502208946987,False
L,2,3,3,Sorbitol,pengujian (ANOVA)_WVTR,WVTR,Sorbitol,25,4.820272764394736,-0.6343227845036897,-0.6300582999645765,0.11111111111111112,0.008382612394594051,False
L,3,3,3,Sorbitol,pengujian (ANOVA)_WVTR,WVTR,Sorbitol,26,6.496125613242623,0.7219298270987399,0.7180335022041231,0.11111111111111112,0.01085797240114201,False
B,1,1,1,Gliserol,pengujian (ANOVA)_WVTR,WVTR,Gliserol,30,14.391178931422708,-0.002823398240815536,-0.002791851148883511,0.11265432098765432,1.6867396136682295e-07,False
B,2,1,1,Gliserol,pengujian (ANOVA)_WVTR,WVTR,Gliserol,31,14.460818293184207,0.05358409591063923,0.05298706260123924,0.11265432098765432,6.075409838345583e-05,False
B,3,1,1,Gliserol,pengujian (ANOVA)_WVTR,WVTR,Gliserol,32,12.992251226480118,-1.135947027447927,-1.1397139935123375,0.11265432098765432,0.027303600692535672,False
C,1,1,2,Gliserol,pengujian (ANOVA)_WVTR,WVTR,Gliserol,33,12.992251226485246,0.005400425976825481,0.005340085858328446,0.11728395061728393,6.458361467275728e-07,False
C,2,1,2,Gliserol,pengujian (ANOVA)_WVTR,WVTR,Gliserol,34,11.361457051120356,-1.3189932076510595,-1.3302226860540027,0.11728395061728393,0.038525779201355456,False
C,3,1,2,Gliserol,pengujian (ANOVA)_WVTR,WVTR,Gliserol,35,11.548667756874066,-1.1669564450769474,-1.1717838498160318,0.11728395061728393,0.0301561300109859,False
D,1,1,3,Gliserol,pengujian (ANOVA)_WVTR,WVTR,Gliserol,36,11.017766318618635,0.14083458504888313,0.13929166563574813,0.11728395061728397,0.0004392228747924602,False
D,2,1,3,Gliserol,pengujian (ANOVA)_WVTR,WVTR,Gliserol,37,10.105084287268014,-0.6003688666846083,-0.5960525661903777,0.11728395061728397,0.00798183303682874,False
D,3,1,3,Gliserol,pengujian (ANOVA)_WVTR,WVTR,Gliserol,38,11.361457051120356,0.41995124179088783,0.4160750199689451,0.11728395061728397,0.0039053867880564875,False
F,1,2,1,Gliserol,pengujian (ANOVA)_WVTR,WVTR,Gliserol,39,13.7140429612934,-0.04244144877416031,-0.041968067723585224,0.13580246913580243,4.717629122511049e-05,False
F,2,2,1,Gliserol,pengujian (ANOVA)_WVTR,WVTR,Gliserol,40,12.27045949168222,-1.2272927068721668,-1.234414605816487,0.13580246913580243,0.03944933636132788,False
F,3,2,1,Gliserol,pengujian (ANOVA)_WVTR,WVTR,Gliserol,41,13.772207898272072,0.00529863706578988,0.00523943419324226,0.13580246913580243,7.353121483442527e-07,False
G,1,2,2,Gliserol,pengujian (ANOVA)_WVTR,WVTR,Gliserol,42,12.118887521193257,-0.19261785844940044,-0.19054420227878296,0.11265432098765431,0.0007850491813725297,False
G,2,2,2,Gliserol,pengujian (ANOVA)_WVTR,WVTR,Gliserol,43,10.82687602207104,-1.239139957976171,-1.2467494785192839,0.11265432098765431,0.03248960927190801,False
G,3,2,2,Gliserol,pengujian (ANOVA)_WVTR,WVTR,Gliserol,44,12.27045949168222,-0.06984540875116894,-0.06906873254739378,0.11265432098765431,0.00010322371652872586,False
H,1,2,3,Gliserol,pengujian (ANOVA)_WVTR,WVTR,Gliserol,45,10.105084287262883,-0.08938509247289027,-0.08839419249737178,0.11265432098765431,0.0001690573093380468,False
H,2,2,3,Gliserol,pengujian (ANOVA)_WVTR,WVTR,Gliserol,46,11.017766318618635,0.6498822563887078,0.6456578238502038,0.11265432098765431,0.008936616563283506,False
H,3,2,3,Gliserol,pengujian (ANOVA)_WVTR,WVTR,Gliserol,47,10.60402658104746,0.31475537933319353,0.311581623465969,0.11265432098765431,0.002096283844579804,False
J,1,3,1,Gliserol,pengujian (ANOVA)_WVTR,WVTR,Gliserol,48,12.992251226485246,0.5118524126006824,0.5076130466856608,0.1126543209876543,0.005543617720815986,False
J,2,3,1,Gliserol,pengujian (ANOVA)_WVTR,WVTR,Gliserol,49,14.435834696096428,1.6811469618256873,1.7171606786202087,0.1126543209876543,0.05980191966077359,False
J,3,3,1,Gliserol,pengujian (ANOVA)_WVTR,WVTR,Gliserol,50,13.083597503359936,0.5858423867795511,0.5815182970253274,0.1126543209876543,0.007262152190368683,False
K,1,3,2,Gliserol,pengujian (ANOVA)_WVTR,WVTR,Gliserol,51,10.60402658104746,-0.2819994799874989,-0.2790952656271231,0.11728395061728394,0.0017610144843253803,False
K,2,3,2,Gliserol,pengujian (ANOVA)_WVTR,WVTR,Gliserol,52,10.82687602206591,-0.10101993922090846,-0.0999025178978972,0.11728395061728394,0.0002259854711931524,False
K,3,3,2,Gliserol,pengujian (ANOVA)_WVTR,WVTR,Gliserol,53,9.383292552459858,-1.2733768102705167,-1.2824662714435664,0.11728395061728394,0.03590708801603683,False
L,1,3,3,Gliserol,pengujian (ANOVA)_WVTR,WVTR,Gliserol,54,10.329155923701608,1.233718179612312,1.2411030014948385,0.11728395061728393,0.03370530348183265,False
L,2,3,3,Gliserol,pengujian (ANOVA)_WVTR,WVTR,Gliserol,55,11.361457051120356,2.0720661831758966,2.1542587082817892,0.11728395061728393,0.09507658168037461,True
L,3,3,3,Gliserol,pengujian (ANOVA)_WVTR,WVTR,Gliserol,56,10.105084287268014,1.0517460747004004,1.0530172810947436,0.11728395061728393,0.024495601756767245,False
