Formulation,Replicate,CMC,PVA,Plasticizer,source_file,source_sheet,source_block,source_row,Formability
,,,,Sorbitol,pengujian (ANOVA)_Kelarutan_Matriks,Kelarutan Matriks,Sorbitol,3,True
A,1.0,1.0,0.0,Sorbitol,pengujian (ANOVA)_Kelarutan_Matriks,Kelarutan Matriks,Sorbitol,4,
A,2.0,1.0,0.0,Sorbitol,pengujian (ANOVA)_Kelarutan_Matriks,Kelarutan Matriks,Sorbitol,5,
A,3.0,1.0,0.0,Sorbitol,pengujian (ANOVA)_Kelarutan_Matriks,Kelarutan Matriks,Sorbitol,6,
B,1.0,1.0,1.0,Sorbitol,pengujian (ANOVA)_Kelarutan_Matriks,Kelarutan Matriks,Sorbitol,7,ü
B,2.0,1.0,1.0,Sorbitol,pengujian (ANOVA)_Kelarutan_Matriks,Kelarutan Matriks,Sorbitol,8,ü
B,3.0,1.0,1.0,Sorbitol,pengujian (ANOVA)_Kelarutan_Matriks,Kelarutan Matriks,Sorbitol,9,ü
C,1.0,1.0,2.0,Sorbitol,pengujian (ANOVA)_Kelarutan_Matriks,Kelarutan Matriks,Sorbitol,10,ü
C,2.0,1.0,2.0,Sorbitol,pengujian (ANOVA)_Kelarutan_Matriks,Kelarutan Matriks,Sorbitol,11,ü
C,3.0,1.0,2.0,Sorbitol,pengujian (ANOVA)_Kelarutan_Matriks,Kelarutan Matriks,Sorbitol,12,ü
D,1.0,1.0,3.0,Sorbitol,pengujian (ANOVA)_Kelarutan_Matriks,Kelarutan Matriks,Sorbitol,13,ü
D,2.0,1.0,3.0,Sorbitol,pengujian (ANOVA)_Kelarutan_Matriks,Kelarutan Matriks,Sorbitol,14,ü
D,3.0,1.0,3.0,Sorbitol,pengujian (ANOVA)_Kelarutan_Matriks,Kelarutan Matriks,Sorbitol,15,ü
E,1.0,2.0,0.0,Sorbitol,pengujian (ANOVA)_Kelarutan_Matriks,Kelarutan Matriks,Sorbitol,16,
E,2.0,2.0,0.0,Sorbitol,pengujian (ANOVA)_Kelarutan_Matriks,Kelarutan Matriks,Sorbitol,17,
E,3.0,2.0,0.0,Sorbitol,pengujian (ANOVA)_Kelarutan_Matriks,Kelarutan Matriks,Sorbitol,18,
F,1.0,2.0,1.0,Sorbitol,pengujian (ANOVA)_Kelarutan_Matriks,Kelarutan Matriks,Sorbitol,19,
F,2.0,2.0,1.0,Sorbitol,pengujian (ANOVA)_Kelarutan_Matriks,Kelarutan Matriks,Sorbitol,20,
F,3.0,2.0,1.0,Sorbitol,pengujian (ANOVA)_Kelarutan_Matriks,Kelarutan Matriks,Sorbitol,21,
G,1.0,2.0,2.0,Sorbitol,pengujian (ANOVA)_Kelarutan_Matriks,Kelarutan Matriks,Sorbitol,22,ü
G,2.0,2.0,2.0,Sorbitol,pengujian (ANOVA)_Kelarutan_Matriks,Kelarutan Matriks,Sorbitol,23,ü
G,3.0,2.0,2.0,Sorbitol,pengujian (ANOVA)_Kelarutan_Matriks,Kelarutan Matriks,Sorbitol,24,ü
H,1.0,2.0,3.0,Sorbitol,pengujian (ANOVA)_Kelarutan_Matriks,Kelarutan Matriks,Sorbitol,25,ü
H,2.0,2.0,3.0,Sorbitol,pengujian (ANOVA)_Kelarutan_Matriks,Kelarutan Matriks,Sorbitol,26,ü
H,3.0,2.0,3.0,Sorbitol,pengujian (ANOVA)_Kelarutan_Matriks,Kelarutan Matriks,Sorbitol,27,ü
I,1.0,3.0,0.0,Sorbitol,pengujian (ANOVA)_Kelarutan_Matriks,Kelarutan Matriks,Sorbitol,28,
I,2.0,3.0,0.0,Sorbitol,pengujian (ANOVA)_Kelarutan_Matriks,Kelarutan Matriks,Sorbitol,29,
I,3.0,3.0,0.0,Sorbitol,pengujian (ANOVA)_Kelarutan_Matriks,Kelarutan Matriks,Sorbitol,30,
J,1.0,3.0,1.0,Sorbitol,pengujian (ANOVA)_Kelarutan_Matriks,Kelarutan Matriks,Sorbitol,31,ü
J,2.0,3.0,1.0,Sorbitol,pengujian (ANOVA)_Kelarutan_Matriks,Kelarutan Matriks,Sorbitol,32,ü
J,3.0,3.0,1.0,Sorbitol,pengujian (ANOVA)_Kelarutan_Matriks,Kelarutan Matriks,Sorbitol,33,ü
K,1.0,3.0,2.0,Sorbitol,pengujian (ANOVA)_Kelarutan_Matriks,Kelarutan Matriks,Sorbitol,34,ü
K,2.0,3.0,2.0,Sorbitol,pengujian (ANOVA)_Kelarutan_Matriks,Kelarutan Matriks,Sorbitol,35,ü
K,3.0,3.0,2.0,Sorbitol,pengujian (ANOVA)_Kelarutan_Matriks,Kelarutan Matriks,Sorbitol,36,ü
L,1.0,3.0,3.0,Sorbitol,pengujian (ANOVA)_Kelarutan_Matriks,Kelarutan Matriks,Sorbitol,37,ü
L,2.0,3.0,3.0,Sorbitol,pengujian (ANOVA)_Kelarutan_Matriks,Kelarutan Matriks,Sorbitol,38,ü
L,3.0,3.0,3.0,Sorbitol,pengujian (ANOVA)_Kelarutan_Matriks,Kelarutan Matriks,Sorbitol,39,ü
L,,3.0,3.0,Gliserol,pengujian (ANOVA)_Kelarutan_Matriks,Kelarutan Matriks,Gliserol,43,True
A,1.0,1.0,0.0,Gliserol,pengujian (ANOVA)_Kelarutan_Matriks,Kelarutan Matriks,Gliserol,44,
A,2.0,1.0,0.0,Gliserol,pengujian (ANOVA)_Kelarutan_Matriks,Kelarutan Matriks,Gliserol,45,
A,3.0,1.0,0.0,Gliserol,pengujian (ANOVA)_Kelarutan_Matriks,Kelarutan Matriks,Gliserol,46,
B,1.0,1.0,1.0,Gliserol,pengujian (ANOVA)_Kelarutan_Matriks,Kelarutan Matriks,Gliserol,47,ü
B,2.0,1.0,1.0,Gliserol,pengujian (ANOVA)_Kelarutan_Matriks,Kelarutan Matriks,Gliserol,48,ü
B,3.0,1.0,1.0,Gliserol,pengujian (ANOVA)_Kelarutan_Matriks,Kelarutan Matriks,Gliserol,49,ü
C,1.0,1.0,2.0,Gliserol,pengujian (ANOVA)_Kelarutan_Matriks,Kelarutan Matriks,Gliserol,50,ü
C,2.0,1.0,2.0,Gliserol,pengujian (ANOVA)_Kelarutan_Matriks,Kelarutan Matriks,Gliserol,51,ü
C,3.0,1.0,2.0,Gliserol,pengujian (ANOVA)_Kelarutan_Matriks,Kelarutan Matriks,Gliserol,52,ü
D,1.0,1.0,3.0,Gliserol,pengujian (ANOVA)_Kelarutan_Matriks,Kelarutan Matriks,Gliserol,53,ü
D,2.0,1.0,3.0,Gliserol,pengujian (ANOVA)_Kelarutan_Matriks,Kelarutan Matriks,Gliserol,54,ü
D,3.0,1.0,3.0,Gliserol,pengujian (ANOVA)_Kelarutan_Matriks,Kelarutan Matriks,Gliserol,55,ü
E,1.0,2.0,0.0,Gliserol,pengujian (ANOVA)_Kelarutan_Matriks,Kelarutan Matriks,Gliserol,56,
E,2.0,2.0,0.0,Gliserol,pengujian (ANOVA)_Kelarutan_Matriks,Kelarutan Matriks,Gliserol,57,
E,3.0,2.0,0.0,Gliserol,pengujian (ANOVA)_Kelarutan_Matriks,Kelarutan Matriks,Gliserol,58,
F,1.0,2.0,1.0,Gliserol,pengujian (ANOVA)_Kelarutan_Matriks,Kelarutan Matriks,Gliserol,59,ü
F,2.0,2.0,1.0,Gliserol,pengujian (ANOVA)_Kelarutan_Matriks,Kelarutan Matriks,Gliserol,60,ü
F,3.0,2.0,1.0,Gliserol,pengujian (ANOVA)_Kelarutan_Matriks,Kelarutan Matriks,Gliserol,61,ü
G,1.0,2.0,2.0,Gliserol,pengujian (ANOVA)_Kelarutan_Matriks,Kelarutan Matriks,Gliserol,62,ü
G,2.0,2.0,2.0,Gliserol,pengujian (ANOVA)_Kelarutan_Matriks,Kelarutan Matriks,Gliserol,63,ü
G,3.0,2.0,2.0,Gliserol,pengujian (ANOVA)_Kelarutan_Matriks,Kelarutan Matriks,Gliserol,64,ü
H,1.0,2.0,3.0,Gliserol,pengujian (ANOVA)_Kelarutan_Matriks,Kelarutan Matriks,Gliserol,65,ü
H,2.0,2.0,3.0,Gliserol,pengujian (ANOVA)_Kelarutan_Matriks,Kelarutan Matriks,Gliserol,66,ü
H,3.0,2.0,3.0,Gliserol,pengujian (ANOVA)_Kelarutan_Matriks,Kelarutan Matriks,Gliserol,67,ü
I,1.0,3.0,0.0,Gliserol,pengujian (ANOVA)_Kelarutan_Matriks,Kelarutan Matriks,Gliserol,68,
I,2.0,3.0,0.0,Gliserol,pengujian (ANOVA)_Kelarutan_Matriks,Kelarutan Matriks,Gliserol,69,
I,3.0,3.0,0.0,Gliserol,pengujian (ANOVA)_Kelarutan_Matriks,Kelarutan Matriks,Gliserol,70,
J,1.0,3.0,1.0,Gliserol,pengujian (ANOVA)_Kelarutan_Matriks,Kelarutan Matriks,Gliserol,71,ü
J,2.0,3.0,1.0,Gliserol,pengujian (ANOVA)_Kelarutan_Matriks,Kelarutan Matriks,Gliserol,72,ü
J,3.0,3.0,1.0,Gliserol,pengujian (ANOVA)_Kelarutan_Matriks,Kelarutan Matriks,Gliserol,73,ü
K,1.0,3.0,2.0,Gliserol,pengujian (ANOVA)_Kelarutan_Matriks,Kelarutan Matriks,Gliserol,74,ü
K,2.0,3.0,2.0,Gliserol,pengujian (ANOVA)_Kelarutan_Matriks,Kelarutan Matriks,Gliserol,75,ü
K,3.0,3.0,2.0,Gliserol,pengujian (ANOVA)_Kelarutan_Matriks,Kelarutan Matriks,Gliserol,76,ü
L,1.0,3.0,3.0,Gliserol,pengujian (ANOVA)_Kelarutan_Matriks,Kelarutan Matriks,Gliserol,77,ü
L,2.0,3.0,3.0,Gliserol,pengujian (ANOVA)_Kelarutan_Matriks,Kelarutan Matriks,Gliserol,78,ü
L,3.0,3.0,3.0,Gliserol,pengujian (ANOVA)_Kelarutan_Matriks,Kelarutan Matriks,Gliserol,79,ü
