Formulation,Replicate,CMC,PVA,Plasticizer,source_file,source_sheet,source_block,source_row,FTL
A,1.0,1.0,0.0,Sorbitol,pengujian (ANOVA)_Kelarutan_Matriks,Kelarutan Matriks,Sorbitol,4,14.999999999999991
A,2.0,1.0,0.0,Sorbitol,pengujian (ANOVA)_Kelarutan_Matriks,Kelarutan Matriks,Sorbitol,5,14.799999999999969
A,3.0,1.0,0.0,Sorbitol,pengujian (ANOVA)_Kelarutan_Matriks,Kelarutan Matriks,Sorbitol,6,15.1
B,1.0,1.0,1.0,Sorbitol,pengujian (ANOVA)_Kelarutan_Matriks,Kelarutan Matriks,Sorbitol,7,6.35
B,2.0,1.0,1.0,Sorbitol,pengujian (ANOVA)_Kelarutan_Matriks,Kelarutan Matriks,Sorbitol,8,5.949999999999999
B,3.0,1.0,1.0,Sorbitol,pengujian (ANOVA)_Kelarutan_Matriks,Kelarutan Matriks,Sorbitol,9,6.25
C,1.0,1.0,2.0,Sorbitol,pengujian (ANOVA)_Kelarutan_Matriks,Kelarutan Matriks,Sorbitol,10,2.7666666666666657
C,2.0,1.0,2.0,Sorbitol,pengujian (ANOVA)_Kelarutan_Matriks,Kelarutan Matriks,Sorbitol,11,2.8333333333333393
C,3.0,1.0,2.0,Sorbitol,pengujian (ANOVA)_Kelarutan_Matriks,Kelarutan Matriks,Sorbitol,12,2.6666666666666687
D,1.0,1.0,3.0,Sorbitol,pengujian (ANOVA)_Kelarutan_Matriks,Kelarutan Matriks,Sorbitol,13,2.950000000000003
D,2.0,1.0,3.0,Sorbitol,pengujian (ANOVA)_Kelarutan_Matriks,Kelarutan Matriks,Sorbitol,14,2.9999999999999973
D,3.0,1.0,3.0,Sorbitol,pengujian (ANOVA)_Kelarutan_Matriks,Kelarutan Matriks,Sorbitol,15,2.9749999999999996
E,1.0,2.0,0.0,Sorbitol,pengujian (ANOVA)_Kelarutan_Matriks,Kelarutan Matriks,Sorbitol,16,9.099999999999998
E,2.0,2.0,0.0,Sorbitol,pengujian (ANOVA)_Kelarutan_Matriks,Kelarutan Matriks,Sorbitol,17,8.800000000000008
E,3.0,2.0,0.0,Sorbitol,pengujian (ANOVA)_Kelarutan_Matriks,Kelarutan Matriks,Sorbitol,18,9.249999999999991
F,1.0,2.0,1.0,Sorbitol,pengujian (ANOVA)_Kelarutan_Matriks,Kelarutan Matriks,Sorbitol,19,8.933333333333334
F,2.0,2.0,1.0,Sorbitol,pengujian (ANOVA)_Kelarutan_Matriks,Kelarutan Matriks,Sorbitol,20,8.833333333333337
F,3.0,2.0,1.0,Sorbitol,pengujian (ANOVA)_Kelarutan_Matriks,Kelarutan Matriks,Sorbitol,21,8.933333333333326
G,1.0,2.0,2.0,Sorbitol,pengujian (ANOVA)_Kelarutan_Matriks,Kelarutan Matriks,Sorbitol,22,3.775
G,2.0,2.0,2.0,Sorbitol,pengujian (ANOVA)_Kelarutan_Matriks,Kelarutan Matriks,Sorbitol,23,3.8250000000000006
G,3.0,2.0,2.0,Sorbitol,pengujian (ANOVA)_Kelarutan_Matriks,Kelarutan Matriks,Sorbitol,24,3.650000000000003
H,1.0,2.0,3.0,Sorbitol,pengujian (ANOVA)_Kelarutan_Matriks,Kelarutan Matriks,Sorbitol,25,2.8600000000000003
H,2.0,2.0,3.0,Sorbitol,pengujian (ANOVA)_Kelarutan_Matriks,Kelarutan Matriks,Sorbitol,26,2.9000000000000004
H,3.0,2.0,3.0,Sorbitol,pengujian (ANOVA)_Kelarutan_Matriks,Kelarutan Matriks,Sorbitol,27,2.8200000000000047
I,1.0,3.0,0.0,Sorbitol,pengujian (ANOVA)_Kelarutan_Matriks,Kelarutan Matriks,Sorbitol,28,13.76666666666666
I,2.0,3.0,0.0,Sorbitol,pengujian (ANOVA)_Kelarutan_Matriks,Kelarutan Matriks,Sorbitol,29,13.800000000000004
I,3.0,3.0,0.0,Sorbitol,pengujian (ANOVA)_Kelarutan_Matriks,Kelarutan Matriks,Sorbitol,30,13.73333333333333
J,1.0,3.0,1.0,Sorbitol,pengujian (ANOVA)_Kelarutan_Matriks,Kelarutan Matriks,Sorbitol,31,9.949999999999992
J,2.0,3.0,1.0,Sorbitol,pengujian (ANOVA)_Kelarutan_Matriks,Kelarutan Matriks,Sorbitol,32,9.849999999999998
J,3.0,3.0,1.0,Sorbitol,pengujian (ANOVA)_Kelarutan_Matriks,Kelarutan Matriks,Sorbitol,33,9.949999999999998
K,1.0,3.0,2.0,Sorbitol,pengujian (ANOVA)_Kelarutan_Matriks,Kelarutan Matriks,Sorbitol,34,4.019999999999997
K,2.0,3.0,2.0,Sorbitol,pengujian (ANOVA)_Kelarutan_Matriks,Kelarutan Matriks,Sorbitol,35,4.019999999999997
K,3.0,3.0,2.0,Sorbitol,pengujian (ANOVA)_Kelarutan_Matriks,Kelarutan Matriks,Sorbitol,36,3.979999999999997
L,1.0,3.0,3.0,Sorbitol,pengujian (ANOVA)_Kelarutan_Matriks,Kelarutan Matriks,Sorbitol,37,3.4499999999999975
L,2.0,3.0,3.0,Sorbitol,pengujian (ANOVA)_Kelarutan_Matriks,Kelarutan Matriks,Sorbitol,38,3.4999999999999996
L,3.0,3.0,3.0,Sorbitol,pengujian (ANOVA)_Kelarutan_Matriks,Kelarutan Matriks,Sorbitol,39,3.300000000000003
A,1.0,1.0,0.0,Gliserol,pengujian (ANOVA)_Kelarutan_Matriks,Kelarutan Matriks,Gliserol,44,14.399999999999991
A,2.0,1.0,0.0,Gliserol,pengujian (ANOVA)_Kelarutan_Matriks,Kelarutan Matriks,Gliserol,45,13.900000000000023
A,3.0,1.0,0.0,Gliserol,pengujian (ANOVA)_Kelarutan_Matriks,Kelarutan Matriks,Gliserol,46,14.700000000000024
B,1.0,1.0,1.0,Gliserol,pengujian (ANOVA)_Kelarutan_Matriks,Kelarutan Matriks,Gliserol,47,8.200000000000006
B,2.0,1.0,1.0,Gliserol,pengujian (ANOVA)_Kelarutan_Matriks,Kelarutan Matriks,Gliserol,48,8.299999999999997
B,3.0,1.0,1.0,Gliserol,pengujian (ANOVA)_Kelarutan_Matriks,Kelarutan Matriks,Gliserol,49,7.9999999999999964
C,1.0,1.0,2.0,Gliserol,pengujian (ANOVA)_Kelarutan_Matriks,Kelarutan Matriks,Gliserol,50,4.799999999999996
C,2.0,1.0,2.0,Gliserol,pengujian (ANOVA)_Kelarutan_Matriks,Kelarutan Matriks,Gliserol,51,4.899999999999993
C,3.0,1.0,2.0,Gliserol,pengujian (ANOVA)_Kelarutan_Matriks,Kelarutan Matriks,Gliserol,52,4.966666666666667
D,1.0,1.0,3.0,Gliserol,pengujian (ANOVA)_Kelarutan_Matriks,Kelarutan Matriks,Gliserol,53,2.200000000000002
D,2.0,1.0,3.0,Gliserol,pengujian (ANOVA)_Kelarutan_Matriks,Kelarutan Matriks,Gliserol,54,2.1999999999999966
D,3.0,1.0,3.0,Gliserol,pengujian (ANOVA)_Kelarutan_Matriks,Kelarutan Matriks,Gliserol,55,2.3249999999999993
E,1.0,2.0,0.0,Gliserol,pengujian (ANOVA)_Kelarutan_Matriks,Kelarutan Matriks,Gliserol,56,4.600000000000004
E,2.0,2.0,0.0,Gliserol,pengujian (ANOVA)_Kelarutan_Matriks,Kelarutan Matriks,Gliserol,57,4.649999999999999
E,3.0,2.0,0.0,Gliserol,pengujian (ANOVA)_Kelarutan_Matriks,Kelarutan Matriks,Gliserol,58,4.449999999999998
F,1.0,2.0,1.0,Gliserol,pengujian (ANOVA)_Kelarutan_Matriks,Kelarutan Matriks,Gliserol,59,9.933333333333326
F,2.0,2.0,1.0,Gliserol,pengujian (ANOVA)_Kelarutan_Matriks,Kelarutan Matriks,Gliserol,60,10.033333333333331
F,3.0,2.0,1.0,Gliserol,pengujian (ANOVA)_Kelarutan_Matriks,Kelarutan Matriks,Gliserol,61,9.766666666666664
G,1.0,2.0,2.0,Gliserol,pengujian (ANOVA)_Kelarutan_Matriks,Kelarutan Matriks,Gliserol,62,5.450000000000005
G,2.0,2.0,2.0,Gliserol,pengujian (ANOVA)_Kelarutan_Matriks,Kelarutan Matriks,Gliserol,63,5.499999999999994
G,3.0,2.0,2.0,Gliserol,pengujian (ANOVA)_Kelarutan_Matriks,Kelarutan Matriks,Gliserol,64,5.449999999999999
H,1.0,2.0,3.0,Gliserol,pengujian (ANOVA)_Kelarutan_Matriks,Kelarutan Matriks,Gliserol,65,2.34
H,2.0,2.0,3.0,Gliserol,pengujian (ANOVA)_Kelarutan_Matriks,Kelarutan Matriks,Gliserol,66,2.2799999999999976
H,3.0,2.0,3.0,Gliserol,pengujian (ANOVA)_Kelarutan_Matriks,Kelarutan Matriks,Gliserol,67,2.38
I,1.0,3.0,0.0,Gliserol,pengujian (ANOVA)_Kelarutan_Matriks,Kelarutan Matriks,Gliserol,68,13.233333333333327
I,2.0,3.0,0.0,Gliserol,pengujian (ANOVA)_Kelarutan_Matriks,Kelarutan Matriks,Gliserol,69,13.233333333333333
I,3.0,3.0,0.0,Gliserol,pengujian (ANOVA)_Kelarutan_Matriks,Kelarutan Matriks,Gliserol,70,13.1
J,1.0,3.0,1.0,Gliserol,pengujian (ANOVA)_Kelarutan_Matriks,Kelarutan Matriks,Gliserol,71,8.375000000000005
J,2.0,3.0,1.0,Gliserol,pengujian (ANOVA)_Kelarutan_Matriks,Kelarutan Matriks,Gliserol,72,8.274999999999999
J,3.0,3.0,1.0,Gliserol,pengujian (ANOVA)_Kelarutan_Matriks,Kelarutan Matriks,Gliserol,73,8.400000000000002
K,1.0,3.0,2.0,Gliserol,pengujian (ANOVA)_Kelarutan_Matriks,Kelarutan Matriks,Gliserol,74,3.700000000000001
K,2.0,3.0,2.0,Gliserol,pengujian (ANOVA)_Kelarutan_Matriks,Kelarutan Matriks,Gliserol,75,3.5800000000000054
K,3.0,3.0,2.0,Gliserol,pengujian (ANOVA)_Kelarutan_Matriks,Kelarutan Matriks,Gliserol,76,3.759999999999999
L,1.0,3.0,3.0,Gliserol,pengujian (ANOVA)_Kelarutan_Matriks,Kelarutan Matriks,Gliserol,77,2.2333333333333356
L,2.0,3.0,3.0,Gliserol,pengujian (ANOVA)_Kelarutan_Matriks,Kelarutan Matriks,Gliserol,78,2.2333333333333356
L,3.0,3.0,3.0,Gliserol,pengujian (ANOVA)_Kelarutan_Matriks,Kelarutan Matriks,Gliserol,79,2.316666666666663
