Variable,Group_By,Group_Levels,N,Mean,SD,SE,Min,Max,CI_Lower,CI_Upper
Elongasi,CMC,1,18,119.01851851851853,110.50067117308498,26.04525797071775,16.666666666666664,366.55555555555554,67.96981289591174,170.06722414112534
Elongasi,CMC,2,15,97.29629629629629,41.80659396836514,10.794416146742241,42.55555555555555,170.66666666666666,76.1392406486815,118.45335194391109
Elongasi,CMC,3,18,67.51234567901234,28.619004276766745,6.745563998302857,28.88888888888889,142.55555555555557,54.29104024233874,80.73365111568594
Elongasi,PVA,1,15,68.64444444444443,43.98611292796243,11.35716552229315,16.666666666666664,161.11111111111111,46.38440002074986,90.904488868139
Elongasi,PVA,2,18,60.15432098765432,17.948167884559396,4.230423740348854,28.88888888888889,90.0,51.86269045657057,68.44595151873807
Elongasi,PVA,3,18,150.2530864197531,94.0094929117502,22.15824997793575,53.0,366.55555555555554,106.82291646299902,193.68325637650716
Elongasi,Plasticizer,Gliserol,27,97.47736625514402,84.2359031737053,16.211207124256667,28.88888888888889,366.55555555555554,65.70340029160096,129.25133221868708
Elongasi,Plasticizer,Sorbitol,24,91.04629629629629,60.793411484656325,12.40940315503856,16.666666666666664,276.3333333333333,66.72386611242071,115.36872648017187
Elongasi,Formulation,B,6,33.94444444444444,9.83989109645648,4.017118718478945,16.666666666666664,46.333333333333336,26.070891756225713,41.81799713266317
Elongasi,Formulation,C,6,70.5925925925926,21.876270098342584,8.930949869374086,34.44444444444444,90.0,53.087930848619386,88.09725433656581
Elongasi,Formulation,D,6,252.5185185185185,89.74440157006299,36.63799851968064,114.55555555555554,366.55555555555554,180.70804141994444,324.3289956170926
Elongasi,Formulation,F,3,139.4814814814815,18.73180873370786,10.814814814814817,128.66666666666666,161.11111111111111,118.28444444444446,160.67851851851853
Elongasi,Formulation,G,6,56.388888888888886,9.674390273319235,3.9495532903628026,42.55555555555555,71.11111111111111,48.647764439777795,64.13001333799998
Elongasi,Formulation,H,6,117.1111111111111,33.359619265376274,13.619007535615214,72.88888888888889,170.66666666666666,90.41785634130528,143.80436588091692
Elongasi,Formulation,J,6,67.92592592592592,26.906208074007953,10.984413449078737,36.666666666666664,104.55555555555556,46.3964755657316,89.45537628612024
Elongasi,Formulation,K,6,53.481481481481474,17.941697989570862,7.324667532261233,28.88888888888889,81.44444444444444,39.12513311824946,67.8378298447135
Elongasi,Formulation,L,6,81.12962962962963,35.776426245463924,14.60566485361713,53.0,142.55555555555557,52.50252651654006,109.75673274271921
Elongasi,Formulation x Plasticizer,B_Gliserol,3,38.592592592592595,7.462112808850886,4.308252838913414,31.444444444444446,46.333333333333336,30.148417028322307,47.036768156862884
Elongasi,Formulation x Plasticizer,B_Sorbitol,3,29.296296296296294,11.025410231909424,6.36552356531896,16.666666666666664,37.0,16.819870108271132,41.772722484321456
Elongasi,Formulation x Plasticizer,C_Gliserol,3,87.62962962962963,3.192068359468923,1.8429415266110698,84.0,90.0,84.01746423747194,91.24179502178733
Elongasi,Formulation x Plasticizer,C_Sorbitol,3,53.55555555555555,17.7611032912783,10.254377766324275,34.44444444444444,69.55555555555556,33.45697513355997,73.65413597755114
Elongasi,Formulation x Plasticizer,D_Gliserol,3,305.6296296296296,71.29267908091953,41.16084745861849,227.22222222222223,366.55555555555554,224.9543686107374,386.30489064852185
Elongasi,Formulation x Plasticizer,D_Sorbitol,3,199.4074074074074,81.17960071358112,46.8690643246924,114.55555555555554,276.3333333333333,107.54404133101028,291.27077348380453
Elongasi,Formulation x Plasticizer,F_Gliserol,3,139.4814814814815,18.73180873370786,10.814814814814817,128.66666666666666,161.11111111111111,118.28444444444446,160.67851851851853
Elongasi,Formulation x Plasticizer,G_Gliserol,3,50.22222222222222,7.263131997957429,4.193371214180506,42.55555555555555,56.99999999999999,42.00321464242843,58.44122980201601
Elongasi,Formulation x Plasticizer,G_Sorbitol,3,62.55555555555555,8.194397363329909,4.731037523565282,54.77777777777777,71.11111111111111,53.282722009367596,71.82838910174351
Elongasi,Formulation x Plasticizer,H_Gliserol,3,94.40740740740739,20.346484312242065,11.747048194735454,72.88888888888889,113.33333333333331,71.38319294572591,117.43162186908887
Elongasi,Formulation x Plasticizer,H_Sorbitol,3,139.8148148148148,28.667169102688533,16.550997798341747,114.0,170.66666666666666,107.37485913006498,172.25477049956464
Elongasi,Formulation x Plasticizer,J_Gliserol,3,63.81481481481481,27.222524563702745,15.716931884874981,36.666666666666664,91.11111111111111,33.009628320459846,94.62000130916977
Elongasi,Formulation x Plasticizer,J_Sorbitol,3,72.03703703703704,31.907531007262595,18.42182161621939,40.77777777777778,104.55555555555556,35.93026666924703,108.14380740482704
Elongasi,Formulation x Plasticizer,K_Gliserol,3,40.11111111111111,9.720158511129409,5.611936132966396,28.88888888888889,45.888888888888886,29.11171629049697,51.11050593172524
Elongasi,Formulation x Plasticizer,K_Sorbitol,3,66.85185185185185,13.190125998955153,7.6153227961418395,55.77777777777778,81.44444444444444,51.92581917141384,81.77788453228985
Elongasi,Formulation x Plasticizer,L_Gliserol,3,57.40740740740741,7.064371861265426,4.078616995757211,53.0,65.55555555555556,49.41331809572328,65.40149671909154
Elongasi,Formulation x Plasticizer,L_Sorbitol,3,104.85185185185185,38.2327720152107,22.07370121484749,66.11111111111111,142.55555555555557,61.58739747075077,148.11630623295292
Elongasi,CMC x PVA x Plasticizer,1_1_Gliserol,3,38.592592592592595,7.462112808850886,4.308252838913414,31.444444444444446,46.333333333333336,30.148417028322307,47.036768156862884
Elongasi,CMC x PVA x Plasticizer,1_1_Sorbitol,3,29.296296296296294,11.025410231909424,6.36552356531896,16.666666666666664,37.0,16.819870108271132,41.772722484321456
Elongasi,CMC x PVA x Plasticizer,1_2_Gliserol,3,87.62962962962963,3.192068359468923,1.8429415266110698,84.0,90.0,84.01746423747194,91.24179502178733
Elongasi,CMC x PVA x Plasticizer,1_2_Sorbitol,3,53.55555555555555,17.7611032912783,10.254377766324275,34.44444444444444,69.55555555555556,33.45697513355997,73.65413597755114
Elongasi,CMC x PVA x Plasticizer,1_3_Gliserol,3,305.6296296296296,71.29267908091953,41.16084745861849,227.22222222222223,366.55555555555554,224.9543686107374,386.30489064852185
Elongasi,CMC x PVA x Plasticizer,1_3_Sorbitol,3,199.4074074074074,81.17960071358112,46.8690643246924,114.55555555555554,276.3333333333333,107.54404133101028,291.27077348380453
Elongasi,CMC x PVA x Plasticizer,2_1_Gliserol,3,139.4814814814815,18.73180873370786,10.814814814814817,128.66666666666666,161.11111111111111,118.28444444444446,160.67851851851853
Elongasi,CMC x PVA x Plasticizer,2_2_Gliserol,3,50.22222222222222,7.263131997957429,4.193371214180506,42.55555555555555,56.99999999999999,42.00321464242843,58.44122980201601
Elongasi,CMC x PVA x Plasticizer,2_2_Sorbitol,3,62.55555555555555,8.194397363329909,4.731037523565282,54.77777777777777,71.11111111111111,53.282722009367596,71.82838910174351
Elongasi,CMC x PVA x Plasticizer,2_3_Gliserol,3,94.40740740740739,20.346484312242065,11.747048194735454,72.88888888888889,113.33333333333331,71.38319294572591,117.43162186908887
Elongasi,CMC x PVA x Plasticizer,2_3_Sorbitol,3,139.8148148148148,28.667169102688533,16.550997798341747,114.0,170.66666666666666,107.37485913006498,172.25477049956464
Elongasi,CMC x PVA x Plasticizer,3_1_Gliserol,3,63.81481481481481,27.222524563702745,15.716931884874981,36.666666666666664,91.11111111111111,33.009628320459846,94.62000130916977
Elongasi,CMC x PVA x Plasticizer,3_1_Sorbitol,3,72.03703703703704,31.907531007262595,18.42182161621939,40.77777777777778,104.55555555555556,35.93026666924703,108.14380740482704
Elongasi,CMC x PVA x Plasticizer,3_2_Gliserol,3,40.11111111111111,9.720158511129409,5.611936132966396,28.88888888888889,45.888888888888886,29.11171629049697,51.11050593172524
Elongasi,CMC x PVA x Plasticizer,3_2_Sorbitol,3,66.85185185185185,13.190125998955153,7.6153227961418395,55.77777777777778,81.44444444444444,51.92581917141384,81.77788453228985
Elongasi,CMC x PVA x Plasticizer,3_3_Gliserol,3,57.40740740740741,7.064371861265426,4.078616995757211,53.0,65.55555555555556,49.41331809572328,65.40149671909154
Elongasi,CMC x PVA x Plasticizer,3_3_Sorbitol,3,104.85185185185185,38.2327720152107,22.07370121484749,66.11111111111111,142.55555555555557,61.58739747075077,148.11630623295292
